problem,category,source,submission_id,date,language,result,time_seconds,memory_kb,dmoj_url
16bitswonly,Other,solutions/Other/16bitswonly.cpp,4740484,2022-08-01T14:54:05+00:00,CPP14,AC,0.043941755,3516.0,https://dmoj.ca/problem/16bitswonly
2spooky4me,Other,solutions/Other/2spooky4me.cpp,4850902,2022-09-18T12:46:42+00:00,CPP14,AC,0.054783259,4372.0,https://dmoj.ca/problem/2spooky4me
a1,Other,solutions/Other/a1.cpp,4744367,2022-08-02T23:32:34+00:00,CPP14,AC,0.00350488,3464.0,https://dmoj.ca/problem/a1
a2,Other,solutions/Other/a2.cpp,4748543,2022-08-05T00:11:18+00:00,CPP14,AC,0.009981032,3532.0,https://dmoj.ca/problem/a2
a3,Other,solutions/Other/a3.cpp,4748830,2022-08-05T03:25:09+00:00,CPP14,AC,0.003345222,3508.0,https://dmoj.ca/problem/a3
a4b1,Other,solutions/Other/a4b1.cpp,4756091,2022-08-08T01:10:02+00:00,CPP14,AC,0.006979816,3484.0,https://dmoj.ca/problem/a4b1
aac1p1,Other,solutions/Other/aac1p1.cpp,4784764,2022-08-20T18:05:21+00:00,CPP14,AC,0.104317568,3468.0,https://dmoj.ca/problem/aac1p1
aac1p3,Other,solutions/Other/aac1p3.py,6340081,2024-04-13T16:00:06+00:00,PYPY3,AC,2.088902983,70208.0,https://dmoj.ca/problem/aac1p3
aac2p0,Other,solutions/Other/aac2p0.cpp,4795511,2022-08-24T20:37:50+00:00,CPP14,AC,0.028629633,3440.0,https://dmoj.ca/problem/aac2p0
aac3p1,Other,solutions/Other/aac3p1.cpp,4786519,2022-08-21T01:26:38+00:00,CPP14,AC,0.065326199,3428.0,https://dmoj.ca/problem/aac3p1
aac3p2,Other,solutions/Other/aac3p2.cpp,4971505,2022-10-26T01:39:35+00:00,CPP14,AC,0.076370802,3384.0,https://dmoj.ca/problem/aac3p2
aac3p3,Other,solutions/Other/aac3p3.cpp,5543905,2023-05-16T16:09:00+00:00,CPP14,AC,1.707059363,11984.0,https://dmoj.ca/problem/aac3p3
aac4p2,Other,solutions/Other/aac4p2.cpp,6044748,2024-01-02T15:03:26+00:00,CPP20,AC,1.315704119,6576.0,https://dmoj.ca/problem/aac4p2
aac5p1,Other,solutions/Other/aac5p1.cpp,5181044,2023-01-03T11:32:31+00:00,CPP14,AC,0.556039842,3460.0,https://dmoj.ca/problem/aac5p1
aac7p1,Other,solutions/Other/aac7p1.cpp,4841199,2022-09-15T01:54:26+00:00,CPP14,AC,0.032634654,3412.0,https://dmoj.ca/problem/aac7p1
ac19p2,Other,solutions/Other/ac19p2.cpp,5187324,2023-01-05T11:59:47+00:00,CPP14,AC,0.19362787,3544.0,https://dmoj.ca/problem/ac19p2
ac19p4,Other,solutions/Other/ac19p4.cpp,5477442,2023-04-16T16:50:32+00:00,CPP20,AC,6.565097238,3672.0,https://dmoj.ca/problem/ac19p4
ac20p1,Other,solutions/Other/ac20p1.py,6053965,2024-01-06T01:19:45+00:00,PYPY3,AC,2.144059273,62128.0,https://dmoj.ca/problem/ac20p1
acc3p2,Other,solutions/Other/acc3p2.cpp,5494415,2023-04-22T02:45:20+00:00,CPP14,AC,32.310577244,34396.0,https://dmoj.ca/problem/acc3p2
acc4p3,Other,solutions/Other/acc4p3.cpp,6172846,2024-02-11T02:18:59+00:00,CPP14,AC,0.08373139,3440.0,https://dmoj.ca/problem/acc4p3
acc4p6,Other,solutions/Other/acc4p6.cpp,5722630,2023-08-20T14:35:33+00:00,CPP14,AC,0.087332812,3316.0,https://dmoj.ca/problem/acc4p6
acc5p1,Other,solutions/Other/acc5p1.cpp,4940798,2022-10-15T20:08:31+00:00,CPP14,AC,0.337280622,3384.0,https://dmoj.ca/problem/acc5p1
acc6p1,Other,solutions/Other/acc6p1.cpp,4911565,2022-10-06T21:19:48+00:00,CPP14,AC,0.329900296,3412.0,https://dmoj.ca/problem/acc6p1
acc6p13,Other,solutions/Other/acc6p13.cpp,5498478,2023-04-24T02:37:28+00:00,CPP14,AC,0.003435642,3416.0,https://dmoj.ca/problem/acc6p13
acc6p2,Other,solutions/Other/acc6p2.cpp,4949573,2022-10-18T22:35:25+00:00,CPP14,AC,0.337724361,3436.0,https://dmoj.ca/problem/acc6p2
acc6p3,Other,solutions/Other/acc6p3.cpp,5722637,2023-08-20T14:37:36+00:00,CPP14,AC,0.369839111,3716.0,https://dmoj.ca/problem/acc6p3
acc6p8,Other,solutions/Other/acc6p8.cpp,5722642,2023-08-20T14:43:24+00:00,CPP14,AC,0.346792007,3464.0,https://dmoj.ca/problem/acc6p8
acc6p9,Other,solutions/Other/acc6p9.cpp,4914032,2022-10-07T17:46:06+00:00,CPP14,AC,0.0,0.0,https://dmoj.ca/problem/acc6p9
acc7p1,Other,solutions/Other/acc7p1.cpp,4953115,2022-10-20T02:37:10+00:00,CPP14,AC,1.808209359,3436.0,https://dmoj.ca/problem/acc7p1
acmtryouts0a,Other,solutions/Other/acmtryouts0a.cpp,5181053,2023-01-03T11:37:53+00:00,CPP14,AC,0.00352826,3488.0,https://dmoj.ca/problem/acmtryouts0a
acoinproblem,Other,solutions/Other/acoinproblem.cpp,5504337,2023-04-27T19:16:28+00:00,CPP14,AC,0.946431555,5628.0,https://dmoj.ca/problem/acoinproblem
acsl1p6,Other,solutions/Other/acsl1p6.java,6034762,2023-12-29T01:28:04+00:00,JAVA8,AC,0.56820414,43616.0,https://dmoj.ca/problem/acsl1p6
afd1p1,Other,solutions/Other/afd1p1.cpp,4914047,2022-10-07T17:49:59+00:00,CPP14,AC,0.837400309,3416.0,https://dmoj.ca/problem/afd1p1
afd1p2,Other,solutions/Other/afd1p2.cpp,5213022,2023-01-13T20:52:37+00:00,CPP14,AC,0.036899105,3472.0,https://dmoj.ca/problem/afd1p2
afd1p3,Other,solutions/Other/afd1p3.cpp,4914149,2022-10-07T18:29:39+00:00,CPP14,AC,0.003489493,3472.0,https://dmoj.ca/problem/afd1p3
afd1p4,Other,solutions/Other/afd1p4.cpp,5498483,2023-04-24T02:39:22+00:00,CPP14,AC,0.003408719,3332.0,https://dmoj.ca/problem/afd1p4
afd1p5,Other,solutions/Other/afd1p5.txt,5498489,2023-04-24T02:41:51+00:00,TEXT,AC,0.002375785,1692.0,https://dmoj.ca/problem/afd1p5
afd1p6,Other,solutions/Other/afd1p6.cpp,6045358,2024-01-02T19:38:45+00:00,CPP14,AC,0.003591002,3436.0,https://dmoj.ca/problem/afd1p6
ahardergame,Other,solutions/Other/ahardergame.cpp,5538798,2023-05-13T14:35:37+00:00,CPP14,AC,0.775741632,3716.0,https://dmoj.ca/problem/ahardergame
alexquiz2,Other,solutions/Other/alexquiz2.cpp,4781287,2022-08-19T04:33:34+00:00,CPP14,AC,0.919264755,4204.0,https://dmoj.ca/problem/alexquiz2
anoisyclass,Other,solutions/Other/anoisyclass.cpp,5050258,2022-11-20T17:36:41+00:00,CPP14,AC,0.042054933,3748.0,https://dmoj.ca/problem/anoisyclass
aplusb,Other,solutions/Other/aplusb.c,4852092,2022-09-18T19:25:18+00:00,C,AC,0.02577803,1488.0,https://dmoj.ca/problem/aplusb
aplusb2,Other,solutions/Other/aplusb2.cpp,6802760,2024-12-11T19:11:45+00:00,CPP14,AC,0.185933149,4472.0,https://dmoj.ca/problem/aplusb2
atimesb,Other,solutions/Other/atimesb.cpp,6528058,2024-08-01T23:24:56+00:00,CPP14,AC,2.197936505,152380.0,https://dmoj.ca/problem/atimesb
avatarbalance,Other,solutions/Other/avatarbalance.cpp,4929139,2022-10-11T19:41:17+00:00,CPP14,AC,0.01633681,3344.0,https://dmoj.ca/problem/avatarbalance
avatarfire,Other,solutions/Other/avatarfire.cpp,5403663,2023-03-11T15:28:41+00:00,CPP14,AC,0.017595393,3492.0,https://dmoj.ca/problem/avatarfire
avatarwater,Other,solutions/Other/avatarwater.c,5395019,2023-03-07T17:09:27+00:00,C,AC,0.014199456,1564.0,https://dmoj.ca/problem/avatarwater
avocadotrees,Other,solutions/Other/avocadotrees.cpp,5367523,2023-02-23T14:18:48+00:00,CPP14,AC,0.658953469,10508.0,https://dmoj.ca/problem/avocadotrees
backtrack1,Other,solutions/Other/backtrack1.cpp,5404617,2023-03-11T23:16:18+00:00,CPP14,AC,0.04385514,3496.0,https://dmoj.ca/problem/backtrack1
bbc08d,Other,solutions/Other/bbc08d.txt,5477297,2023-04-16T15:29:07+00:00,TEXT,AC,0.004066911,1680.0,https://dmoj.ca/problem/bbc08d
bbc08f,Other,solutions/Other/bbc08f.cpp,5495380,2023-04-22T18:50:15+00:00,CPP14,AC,0.026757089,3444.0,https://dmoj.ca/problem/bbc08f
bbc08h,Other,solutions/Other/bbc08h.cpp,6057534,2024-01-07T14:30:53+00:00,CPP14,AC,0.410494637,3632.0,https://dmoj.ca/problem/bbc08h
bbc09d,Other,solutions/Other/bbc09d.cpp,5477212,2023-04-16T14:34:29+00:00,CPP14,AC,0.131780514,4704.0,https://dmoj.ca/problem/bbc09d
bdep,Other,solutions/Other/bdep.cpp,5089741,2022-12-04T15:21:13+00:00,CPP14,AC,0.115698891,3412.0,https://dmoj.ca/problem/bdep
bf1,Other,solutions/Other/bf1.cpp,5069421,2022-11-27T02:39:00+00:00,CPP14,AC,0.006814735,3460.0,https://dmoj.ca/problem/bf1
bf1easy,Other,solutions/Other/bf1easy.c,6041448,2023-12-31T23:16:01+00:00,C,AC,0.590512451,1580.0,https://dmoj.ca/problem/bf1easy
bf1hard,Other,solutions/Other/bf1hard.py,5464439,2023-04-10T01:37:31+00:00,PY3,AC,0.648338668,15168.0,https://dmoj.ca/problem/bf1hard
bf2,Other,solutions/Other/bf2.cpp,4993801,2022-10-31T20:26:18+00:00,CPP14,AC,0.016838887,3716.0,https://dmoj.ca/problem/bf2
bf3,Other,solutions/Other/bf3.cpp,4781278,2022-08-19T04:30:35+00:00,CPP14,AC,0.044132043,3464.0,https://dmoj.ca/problem/bf3
bfs17p1,Other,solutions/Other/bfs17p1.cpp,5069466,2022-11-27T02:54:53+00:00,CPP14,AC,0.022408537,3456.0,https://dmoj.ca/problem/bfs17p1
bfs19p1,Other,solutions/Other/bfs19p1.cpp,5181063,2023-01-03T12:15:27+00:00,CPP14,AC,2.028212251,3488.0,https://dmoj.ca/problem/bfs19p1
binary,Other,solutions/Other/binary.cpp,5361177,2023-02-21T01:32:53+00:00,CPP14,AC,0.016765151,3424.0,https://dmoj.ca/problem/binary
bitduplication,Other,solutions/Other/bitduplication.cpp,5493798,2023-04-21T21:58:45+00:00,CPP14,AC,0.563353948,1508.0,https://dmoj.ca/problem/bitduplication
bobhatestriangles,Other,solutions/Other/bobhatestriangles.c,5463352,2023-04-09T18:24:22+00:00,C,AC,0.447543039,1540.0,https://dmoj.ca/problem/bobhatestriangles
bobsrocks,Other,solutions/Other/bobsrocks.c,5032307,2022-11-14T15:34:12+00:00,C,AC,0.702219766,1568.0,https://dmoj.ca/problem/bobsrocks
bobstemple,Other,solutions/Other/bobstemple.cpp,6041472,2023-12-31T23:32:03+00:00,CPP14,AC,4.866429354,17948.0,https://dmoj.ca/problem/bobstemple
boolean,Other,solutions/Other/boolean.cpp,5059024,2022-11-23T17:40:34+00:00,CPP14,AC,1.67493598,3376.0,https://dmoj.ca/problem/boolean
bpc1j1,Other,solutions/Other/bpc1j1.cpp,5069508,2022-11-27T03:04:42+00:00,CPP14,AC,0.792981049,3400.0,https://dmoj.ca/problem/bpc1j1
bsat,Other,solutions/Other/bsat.cpp,5529012,2023-05-07T17:44:20+00:00,CPP14,AC,25.215069594,101692.0,https://dmoj.ca/problem/bsat
bsspc21j1,Other,solutions/Other/bsspc21j1.cpp,5003093,2022-11-04T01:51:10+00:00,CPP14,AC,0.092399654,3368.0,https://dmoj.ca/problem/bsspc21j1
bsspc21j2,Other,solutions/Other/bsspc21j2.cpp,5181057,2023-01-03T11:58:58+00:00,CPP14,AC,0.078103791,3492.0,https://dmoj.ca/problem/bsspc21j2
bsspc21j4,Other,solutions/Other/bsspc21j4.cpp,6042577,2024-01-01T15:34:20+00:00,CPP14,AC,1.174708602,23648.0,https://dmoj.ca/problem/bsspc21j4
bsspc21j5,Other,solutions/Other/bsspc21j5.cpp,6437625,2024-06-11T15:10:22+00:00,CPP14,AC,0.812198792,4516.0,https://dmoj.ca/problem/bsspc21j5
bsspc22c1p1,Other,solutions/Other/bsspc22c1p1.cpp,5112279,2022-12-11T19:37:51+00:00,CPP14,AC,0.042870025,3436.0,https://dmoj.ca/problem/bsspc22c1p1
bsspc22c1p2,Other,solutions/Other/bsspc22c1p2.cpp,5112330,2022-12-11T19:48:04+00:00,CPP14,AC,0.010947397,3464.0,https://dmoj.ca/problem/bsspc22c1p2
bsspc22c1p3,Other,solutions/Other/bsspc22c1p3.cpp,5112501,2022-12-11T20:34:15+00:00,CPP14,AC,0.382863374,11260.0,https://dmoj.ca/problem/bsspc22c1p3
bsspc22c1p4,Other,solutions/Other/bsspc22c1p4.java,5113269,2022-12-12T00:13:54+00:00,JAVA,AC,4.457123298,66640.0,https://dmoj.ca/problem/bsspc22c1p4
btoi02p4,Other,solutions/Other/btoi02p4.cpp,6053702,2024-01-05T23:51:38+00:00,CPP14,AC,0.053571277,3484.0,https://dmoj.ca/problem/btoi02p4
btoi07p3,Other,solutions/Other/btoi07p3.cpp,4840658,2022-09-14T23:42:33+00:00,CPP14,AC,0.75470572,11568.0,https://dmoj.ca/problem/btoi07p3
btoi09p3,Other,solutions/Other/btoi09p3.cpp,5541623,2023-05-14T23:52:11+00:00,CPP14,AC,0.127230657,3992.0,https://dmoj.ca/problem/btoi09p3
btoi10p3,Other,solutions/Other/btoi10p3.cpp,6340166,2024-04-13T17:08:16+00:00,CPP14,AC,0.111515546,8572.0,https://dmoj.ca/problem/btoi10p3
bts17p2,Other,solutions/Other/bts17p2.cpp,6118539,2024-01-29T03:22:01+00:00,CPP14,AC,0.035142722,3708.0,https://dmoj.ca/problem/bts17p2
bts18p2,Other,solutions/Other/bts18p2.cpp,5112934,2022-12-11T22:35:49+00:00,CPP14,AC,0.499418143,10344.0,https://dmoj.ca/problem/bts18p2
bts18p3,Other,solutions/Other/bts18p3.py,6118574,2024-01-29T03:33:35+00:00,PYPY3,AC,4.136975269,69652.0,https://dmoj.ca/problem/bts18p3
ccc00j1,CCC,solutions/CCC/ccc00j1.cpp,6062192,2024-01-09T01:48:30+00:00,CPP14,AC,0.09434851,3532.0,https://dmoj.ca/problem/ccc00j1
ccc00j2,CCC,solutions/CCC/ccc00j2.cpp,6335895,2024-04-11T12:54:07+00:00,CPP14,AC,0.017763149,3496.0,https://dmoj.ca/problem/ccc00j2
ccc00s1,CCC,solutions/CCC/ccc00s1.py,5031629,2022-11-14T04:22:27+00:00,PYPY3,AC,0.312607031,61344.0,https://dmoj.ca/problem/ccc00s1
ccc00s2,CCC,solutions/CCC/ccc00s2.cpp,4800137,2022-08-27T13:27:11+00:00,CPP14,AC,0.020380627,3656.0,https://dmoj.ca/problem/ccc00s2
ccc00s4,CCC,solutions/CCC/ccc00s4.cpp,5359753,2023-02-20T17:36:51+00:00,CPP14,AC,0.024332457,3856.0,https://dmoj.ca/problem/ccc00s4
ccc01j2,CCC,solutions/CCC/ccc01j2.cpp,4932918,2022-10-12T23:09:20+00:00,CPP14,AC,0.017540925,3452.0,https://dmoj.ca/problem/ccc01j2
ccc01s3,CCC,solutions/CCC/ccc01s3.java,4922088,2022-10-09T21:41:38+00:00,JAVA8,AC,0.34295716,40336.0,https://dmoj.ca/problem/ccc01s3
ccc01s4,CCC,solutions/CCC/ccc01s4.cpp,4832695,2022-09-12T03:24:23+00:00,CPP14,AC,0.021025449,3640.0,https://dmoj.ca/problem/ccc01s4
ccc01s5,CCC,solutions/CCC/ccc01s5.cpp,5503711,2023-04-27T11:27:45+00:00,CPP14,AC,0.421400627,3308.0,https://dmoj.ca/problem/ccc01s5
ccc02s1,CCC,solutions/CCC/ccc02s1.cpp,5359331,2023-02-20T14:12:19+00:00,CPP14,AC,0.010471325,3636.0,https://dmoj.ca/problem/ccc02s1
ccc02s2,CCC,solutions/CCC/ccc02s2.cpp,6062280,2024-01-09T02:07:41+00:00,CPP14,AC,0.029892167,3520.0,https://dmoj.ca/problem/ccc02s2
ccc02s4,CCC,solutions/CCC/ccc02s4.cpp,4942493,2022-10-16T13:48:18+00:00,CPP14,AC,0.016896266,3344.0,https://dmoj.ca/problem/ccc02s4
ccc02s5,CCC,solutions/CCC/ccc02s5.cpp,6062479,2024-01-09T03:15:45+00:00,CPP14,AC,0.033767631,3780.0,https://dmoj.ca/problem/ccc02s5
ccc03j1,CCC,solutions/CCC/ccc03j1.cpp,6165126,2024-02-09T01:41:47+00:00,CPP14,AC,0.016640525,3480.0,https://dmoj.ca/problem/ccc03j1
ccc03j2,CCC,solutions/CCC/ccc03j2.cpp,5070272,2022-11-27T13:48:20+00:00,CPP14,AC,0.003525498,3688.0,https://dmoj.ca/problem/ccc03j2
ccc03s3,CCC,solutions/CCC/ccc03s3.java,4899854,2022-10-03T11:33:46+00:00,JAVA,AC,0.604147529,66256.0,https://dmoj.ca/problem/ccc03s3
ccc03s4,CCC,solutions/CCC/ccc03s4.cpp,6063247,2024-01-09T15:26:01+00:00,CPP14,AC,0.13081961,15984.0,https://dmoj.ca/problem/ccc03s4
ccc03s5,CCC,solutions/CCC/ccc03s5.cpp,6060966,2024-01-08T18:33:14+00:00,CPP14,AC,0.052840076,4884.0,https://dmoj.ca/problem/ccc03s5
ccc04j1,CCC,solutions/CCC/ccc04j1.cpp,4926877,2022-10-11T02:31:31+00:00,CPP14,AC,0.016903802,3688.0,https://dmoj.ca/problem/ccc04j1
ccc04j2,CCC,solutions/CCC/ccc04j2.cpp,4986639,2022-10-29T17:47:01+00:00,CPP14,AC,0.026870489,3432.0,https://dmoj.ca/problem/ccc04j2
ccc04j3,CCC,solutions/CCC/ccc04j3.cpp,4977674,2022-10-28T02:54:59+00:00,CPP14,AC,0.013577555,3460.0,https://dmoj.ca/problem/ccc04j3
ccc04s4,CCC,solutions/CCC/ccc04s4.cpp,6174442,2024-02-11T16:15:05+00:00,CPP14,AC,0.017338407,3704.0,https://dmoj.ca/problem/ccc04s4
ccc05j1,CCC,solutions/CCC/ccc05j1.cpp,5320055,2023-02-12T14:43:06+00:00,CPP14,AC,0.014883297,3660.0,https://dmoj.ca/problem/ccc05j1
ccc05j2,CCC,solutions/CCC/ccc05j2.cpp,4990513,2022-10-30T22:47:38+00:00,CPP14,AC,0.013260607,3424.0,https://dmoj.ca/problem/ccc05j2
ccc05j5,CCC,solutions/CCC/ccc05j5.cpp,5504642,2023-04-27T22:45:12+00:00,CPP14,AC,0.009339257,3460.0,https://dmoj.ca/problem/ccc05j5
ccc05s1,CCC,solutions/CCC/ccc05s1.py,4736195,2022-07-30T20:08:00+00:00,PY3,AC,0.031827746,9748.0,https://dmoj.ca/problem/ccc05s1
ccc05s2,CCC,solutions/CCC/ccc05s2.cpp,4776250,2022-08-17T01:26:48+00:00,CPP14,AC,0.020418743,3436.0,https://dmoj.ca/problem/ccc05s2
ccc05s4,CCC,solutions/CCC/ccc05s4.py,4943508,2022-10-16T21:25:32+00:00,PY3,AC,0.022503834,9116.0,https://dmoj.ca/problem/ccc05s4
ccc05s5,CCC,solutions/CCC/ccc05s5.cpp,6173155,2024-02-11T03:31:51+00:00,CPP14,AC,0.312120365,9248.0,https://dmoj.ca/problem/ccc05s5
ccc06j4,CCC,solutions/CCC/ccc06j4.cpp,5030773,2022-11-13T22:14:39+00:00,CPP14,AC,0.033390543,3348.0,https://dmoj.ca/problem/ccc06j4
ccc06s3,CCC,solutions/CCC/ccc06s3.cpp,6105902,2024-01-25T03:53:07+00:00,CPP14,AC,0.017654509,3388.0,https://dmoj.ca/problem/ccc06s3
ccc07j5,CCC,solutions/CCC/ccc07j5.cpp,5321102,2023-02-12T18:00:02+00:00,CPP14,AC,0.024536303,3468.0,https://dmoj.ca/problem/ccc07j5
ccc07s3,CCC,solutions/CCC/ccc07s3.cpp,4946844,2022-10-18T00:16:42+00:00,CPP14,AC,0.017353282,3440.0,https://dmoj.ca/problem/ccc07s3
ccc07s4,CCC,solutions/CCC/ccc07s4.py,5213644,2023-01-14T00:30:55+00:00,PY3,AC,0.129158329,10588.0,https://dmoj.ca/problem/ccc07s4
ccc07s5,CCC,solutions/CCC/ccc07s5.java,5376192,2023-02-26T18:18:37+00:00,JAVA,AC,1.113481327,132612.0,https://dmoj.ca/problem/ccc07s5
ccc08j4,CCC,solutions/CCC/ccc08j4.cpp,6341411,2024-04-14T02:07:31+00:00,CPP14,AC,0.003494225,3408.0,https://dmoj.ca/problem/ccc08j4
ccc08s3,CCC,solutions/CCC/ccc08s3.java,4920465,2022-10-09T12:10:26+00:00,JAVA8,AC,0.326404859,40412.0,https://dmoj.ca/problem/ccc08s3
ccc08s5,CCC,solutions/CCC/ccc08s5.cpp,4924089,2022-10-10T13:29:57+00:00,CPP14,AC,0.095450691,4308.0,https://dmoj.ca/problem/ccc08s5
ccc09j1,CCC,solutions/CCC/ccc09j1.cpp,5229411,2023-01-19T03:21:06+00:00,CPP14,AC,0.010726383,3520.0,https://dmoj.ca/problem/ccc09j1
ccc09s1,CCC,solutions/CCC/ccc09s1.cpp,4756214,2022-08-08T01:59:37+00:00,CPP14,AC,0.016394985,3892.0,https://dmoj.ca/problem/ccc09s1
ccc09s2,CCC,solutions/CCC/ccc09s2.cpp,5559659,2023-05-26T00:10:50+00:00,CPP14,AC,0.016637975,3360.0,https://dmoj.ca/problem/ccc09s2
ccc09s3,CCC,solutions/CCC/ccc09s3.java,4853657,2022-09-19T01:27:32+00:00,JAVA8,AC,0.267332769,26992.0,https://dmoj.ca/problem/ccc09s3
ccc09s4,CCC,solutions/CCC/ccc09s4.cpp,5405863,2023-03-12T18:04:17+00:00,CPP14,AC,3.938953258,122096.0,https://dmoj.ca/problem/ccc09s4
ccc09s5,CCC,solutions/CCC/ccc09s5.cpp,4922008,2022-10-09T21:19:32+00:00,CPP14,AC,0.208679181,120852.0,https://dmoj.ca/problem/ccc09s5
ccc10j1,CCC,solutions/CCC/ccc10j1.cpp,4943067,2022-10-16T18:59:45+00:00,CPP14,AC,0.039560452,3704.0,https://dmoj.ca/problem/ccc10j1
ccc10j5,CCC,solutions/CCC/ccc10j5.cpp,4853654,2022-09-19T01:26:48+00:00,CPP14,AC,0.027828179,3516.0,https://dmoj.ca/problem/ccc10j5
ccc10s1,CCC,solutions/CCC/ccc10s1.cpp,5408682,2023-03-14T14:05:45+00:00,CPP14,AC,0.081737109,4392.0,https://dmoj.ca/problem/ccc10s1
ccc10s2,CCC,solutions/CCC/ccc10s2.cpp,4732665,2022-07-29T15:21:58+00:00,CPP14,AC,0.019421328,3464.0,https://dmoj.ca/problem/ccc10s2
ccc10s3,CCC,solutions/CCC/ccc10s3.cpp,4815318,2022-09-04T21:26:52+00:00,CPP14,AC,0.162187104,3532.0,https://dmoj.ca/problem/ccc10s3
ccc11j1,CCC,solutions/CCC/ccc11j1.cpp,4990522,2022-10-30T22:53:03+00:00,CPP14,AC,0.020096053,3396.0,https://dmoj.ca/problem/ccc11j1
ccc11j2,CCC,solutions/CCC/ccc11j2.cpp,4810400,2022-09-02T00:39:40+00:00,CPP14,AC,0.033736314,4012.0,https://dmoj.ca/problem/ccc11j2
ccc11j3,CCC,solutions/CCC/ccc11j3.cpp,5079678,2022-11-30T13:01:26+00:00,CPP14,AC,0.01640412,3404.0,https://dmoj.ca/problem/ccc11j3
ccc11j5,CCC,solutions/CCC/ccc11j5.cpp,6179639,2024-02-12T16:54:21+00:00,CPP14,AC,0.016466772,3524.0,https://dmoj.ca/problem/ccc11j5
ccc11s1,CCC,solutions/CCC/ccc11s1.cpp,5079679,2022-11-30T13:01:49+00:00,CPP14,AC,0.043461799999999995,3740.0,https://dmoj.ca/problem/ccc11s1
ccc11s2,CCC,solutions/CCC/ccc11s2.cpp,4732861,2022-07-29T16:34:21+00:00,CPP14,AC,0.017503582,3460.0,https://dmoj.ca/problem/ccc11s2
ccc11s3,CCC,solutions/CCC/ccc11s3.cpp,4806497,2022-08-31T01:48:43+00:00,CPP14,AC,0.020550693,3480.0,https://dmoj.ca/problem/ccc11s3
ccc11s5,CCC,solutions/CCC/ccc11s5.cpp,6201131,2024-02-17T02:36:22+00:00,CPP14,AC,0.54112515,22252.0,https://dmoj.ca/problem/ccc11s5
ccc12j1,CCC,solutions/CCC/ccc12j1.cpp,4930018,2022-10-11T23:29:48+00:00,CPP14,AC,0.034829146,3644.0,https://dmoj.ca/problem/ccc12j1
ccc12j2,CCC,solutions/CCC/ccc12j2.cpp,4803864,2022-08-29T21:23:52+00:00,CPP14,AC,0.01621292,3452.0,https://dmoj.ca/problem/ccc12j2
ccc12j3,CCC,solutions/CCC/ccc12j3.cpp,5051248,2022-11-20T23:15:49+00:00,CPP14,AC,0.079701757,3368.0,https://dmoj.ca/problem/ccc12j3
ccc12j4,CCC,solutions/CCC/ccc12j4.cpp,5089728,2022-12-04T15:17:15+00:00,CPP14,AC,0.01617837,3412.0,https://dmoj.ca/problem/ccc12j4
ccc12s1,CCC,solutions/CCC/ccc12s1.cpp,5051249,2022-11-20T23:16:04+00:00,CPP14,AC,0.016693867,3368.0,https://dmoj.ca/problem/ccc12s1
ccc12s2,CCC,solutions/CCC/ccc12s2.cpp,5091568,2022-12-05T03:20:24+00:00,CPP14,AC,0.017799997,3476.0,https://dmoj.ca/problem/ccc12s2
ccc12s3,CCC,solutions/CCC/ccc12s3.java,5094134,2022-12-06T04:24:29+00:00,JAVA,AC,1.128399787,75220.0,https://dmoj.ca/problem/ccc12s3
ccc12s5,CCC,solutions/CCC/ccc12s5.cpp,4911202,2022-10-06T19:13:40+00:00,CPP14,AC,0.023166702,3428.0,https://dmoj.ca/problem/ccc12s5
ccc13j1,CCC,solutions/CCC/ccc13j1.cpp,5002960,2022-11-04T01:00:25+00:00,CPP14,AC,0.016605478,3420.0,https://dmoj.ca/problem/ccc13j1
ccc13j2,CCC,solutions/CCC/ccc13j2.cpp,4810627,2022-09-02T02:54:30+00:00,CPP14,AC,0.040935934,3480.0,https://dmoj.ca/problem/ccc13j2
ccc13j4,CCC,solutions/CCC/ccc13j4.py,5030932,2022-11-13T23:05:25+00:00,PYPY3,AC,0.303947819,60692.0,https://dmoj.ca/problem/ccc13j4
ccc13s1,CCC,solutions/CCC/ccc13s1.cpp,5030768,2022-11-13T22:13:51+00:00,CPP14,AC,0.051570628,3456.0,https://dmoj.ca/problem/ccc13s1
ccc13s2,CCC,solutions/CCC/ccc13s2.cpp,5030770,2022-11-13T22:14:08+00:00,CPP14,AC,0.051373348,3840.0,https://dmoj.ca/problem/ccc13s2
ccc13s3,CCC,solutions/CCC/ccc13s3.py,4842895,2022-09-15T21:14:48+00:00,PYPY,AC,0.19857754,59156.0,https://dmoj.ca/problem/ccc13s3
ccc13s4,CCC,solutions/CCC/ccc13s4.cpp,5550568,2023-05-20T01:47:15+00:00,CPP14,AC,1.4150038290000002,35328.0,https://dmoj.ca/problem/ccc13s4
ccc13s5,CCC,solutions/CCC/ccc13s5.cpp,4962588,2022-10-23T02:28:43+00:00,CPP14,AC,0.090276933,3396.0,https://dmoj.ca/problem/ccc13s5
ccc14j1,CCC,solutions/CCC/ccc14j1.cpp,4821074,2022-09-07T21:38:19+00:00,CPP14,AC,0.11196911699999998,3656.0,https://dmoj.ca/problem/ccc14j1
ccc14j2,CCC,solutions/CCC/ccc14j2.cpp,4811269,2022-09-02T16:34:15+00:00,CPP14,AC,0.040292884,3488.0,https://dmoj.ca/problem/ccc14j2
ccc14j3,CCC,solutions/CCC/ccc14j3.cpp,5013111,2022-11-07T19:52:54+00:00,CPP14,AC,0.017825452,3584.0,https://dmoj.ca/problem/ccc14j3
ccc14s1,CCC,solutions/CCC/ccc14s1.cpp,5013074,2022-11-07T19:41:54+00:00,CPP14,AC,0.01678803,3392.0,https://dmoj.ca/problem/ccc14s1
ccc14s2,CCC,solutions/CCC/ccc14s2.cpp,5013069,2022-11-07T19:40:32+00:00,CPP14,AC,0.034397767,3388.0,https://dmoj.ca/problem/ccc14s2
ccc14s3,CCC,solutions/CCC/ccc14s3.cpp,5013064,2022-11-07T19:38:52+00:00,CPP14,AC,0.05582239199999999,4640.0,https://dmoj.ca/problem/ccc14s3
ccc15j1,CCC,solutions/CCC/ccc15j1.cpp,4821076,2022-09-07T21:40:36+00:00,CPP14,AC,0.035909111,3492.0,https://dmoj.ca/problem/ccc15j1
ccc15j2,CCC,solutions/CCC/ccc15j2.cpp,4939018,2022-10-15T03:17:16+00:00,CPP14,AC,0.028254424,3340.0,https://dmoj.ca/problem/ccc15j2
ccc15j3,CCC,solutions/CCC/ccc15j3.cpp,4806502,2022-08-31T01:53:30+00:00,CPP14,AC,0.024404796,3508.0,https://dmoj.ca/problem/ccc15j3
ccc15j4,CCC,solutions/CCC/ccc15j4.py,5002933,2022-11-04T00:48:16+00:00,PYPY3,AC,0.181705472,60704.0,https://dmoj.ca/problem/ccc15j4
ccc15j5,CCC,solutions/CCC/ccc15j5.cpp,5427692,2023-03-23T01:46:29+00:00,CPP14,AC,0.035210189,3472.0,https://dmoj.ca/problem/ccc15j5
ccc15s1,CCC,solutions/CCC/ccc15s1.cpp,4990549,2022-10-30T23:09:25+00:00,CPP14,AC,0.863680455,3772.0,https://dmoj.ca/problem/ccc15s1
ccc15s2,CCC,solutions/CCC/ccc15s2.cpp,4990551,2022-10-30T23:09:43+00:00,CPP14,AC,0.58101959,45732.0,https://dmoj.ca/problem/ccc15s2
ccc15s3,CCC,solutions/CCC/ccc15s3.c,4848092,2022-09-17T16:30:23+00:00,C,AC,0.061238513,1836.0,https://dmoj.ca/problem/ccc15s3
ccc15s4,CCC,solutions/CCC/ccc15s4.cpp,5289213,2023-02-05T18:29:40+00:00,CPP14,AC,0.171890385,7340.0,https://dmoj.ca/problem/ccc15s4
ccc16j1,CCC,solutions/CCC/ccc16j1.cpp,4939009,2022-10-15T03:13:51+00:00,CPP14,AC,0.025042688,3468.0,https://dmoj.ca/problem/ccc16j1
ccc16j2,CCC,solutions/CCC/ccc16j2.cpp,4817799,2022-09-05T23:15:39+00:00,CPP14,AC,0.045589401,3420.0,https://dmoj.ca/problem/ccc16j2
ccc16j3,CCC,solutions/CCC/ccc16j3.cpp,4811277,2022-09-02T16:47:43+00:00,CPP14,AC,0.032637603,3508.0,https://dmoj.ca/problem/ccc16j3
ccc16j4,CCC,solutions/CCC/ccc16j4.cpp,5057364,2022-11-23T01:40:24+00:00,CPP14,AC,0.064089031,3584.0,https://dmoj.ca/problem/ccc16j4
ccc16s1,CCC,solutions/CCC/ccc16s1.cpp,4965294,2022-10-24T00:04:11+00:00,CPP14,AC,0.072001917,3408.0,https://dmoj.ca/problem/ccc16s1
ccc16s2,CCC,solutions/CCC/ccc16s2.cpp,4965297,2022-10-24T00:04:36+00:00,CPP14,AC,0.070205778,3340.0,https://dmoj.ca/problem/ccc16s2
ccc16s3,CCC,solutions/CCC/ccc16s3.cpp,5465009,2023-04-10T12:23:32+00:00,CPP14,AC,0.351903321,13976.0,https://dmoj.ca/problem/ccc16s3
ccc16s4,CCC,solutions/CCC/ccc16s4.cpp,5493650,2023-04-21T20:32:27+00:00,CPP14,AC,0.31355424,4072.0,https://dmoj.ca/problem/ccc16s4
ccc17j1,CCC,solutions/CCC/ccc17j1.cpp,4840674,2022-09-14T23:45:40+00:00,CPP14,AC,0.049101607,3404.0,https://dmoj.ca/problem/ccc17j1
ccc17j2,CCC,solutions/CCC/ccc17j2.cpp,4808677,2022-09-01T02:08:09+00:00,CPP14,AC,0.049737426,3480.0,https://dmoj.ca/problem/ccc17j2
ccc17j3,CCC,solutions/CCC/ccc17j3.py,5212057,2023-01-13T12:41:48+00:00,PY3,AC,0.410253841,9120.0,https://dmoj.ca/problem/ccc17j3
ccc17j4,CCC,solutions/CCC/ccc17j4.cpp,4947022,2022-10-18T01:00:43+00:00,CPP14,AC,0.060217653,3388.0,https://dmoj.ca/problem/ccc17j4
ccc17s1,CCC,solutions/CCC/ccc17s1.cpp,4943495,2022-10-16T21:24:19+00:00,CPP14,AC,0.175600821,4204.0,https://dmoj.ca/problem/ccc17s1
ccc17s2,CCC,solutions/CCC/ccc17s2.cpp,4943501,2022-10-16T21:24:43+00:00,CPP14,AC,0.055092448,3392.0,https://dmoj.ca/problem/ccc17s2
ccc17s3,CCC,solutions/CCC/ccc17s3.cpp,4943504,2022-10-16T21:25:06+00:00,CPP14,AC,0.377467237,3372.0,https://dmoj.ca/problem/ccc17s3
ccc17s4,CCC,solutions/CCC/ccc17s4.cpp,5355014,2023-02-19T03:27:10+00:00,CPP17,AC,4.609927524,9704.0,https://dmoj.ca/problem/ccc17s4
ccc18j1,CCC,solutions/CCC/ccc18j1.cpp,4937376,2022-10-14T18:48:43+00:00,CPP14,AC,0.053596335,3396.0,https://dmoj.ca/problem/ccc18j1
ccc18j2,CCC,solutions/CCC/ccc18j2.cpp,4938958,2022-10-15T02:55:31+00:00,CPP14,AC,0.040392707,3464.0,https://dmoj.ca/problem/ccc18j2
ccc18j3,CCC,solutions/CCC/ccc18j3.cpp,4932450,2022-10-12T19:19:45+00:00,CPP14,AC,0.013322396,3480.0,https://dmoj.ca/problem/ccc18j3
ccc18j5,CCC,solutions/CCC/ccc18j5.java,4868106,2022-09-23T22:56:57+00:00,JAVA,AC,3.039271376,62916.0,https://dmoj.ca/problem/ccc18j5
ccc18s1,CCC,solutions/CCC/ccc18s1.cpp,4922082,2022-10-09T21:40:01+00:00,CPP14,AC,0.056445115,3636.0,https://dmoj.ca/problem/ccc18s1
ccc18s2,CCC,solutions/CCC/ccc18s2.cpp,4922085,2022-10-09T21:41:14+00:00,CPP14,AC,0.077854324,4024.0,https://dmoj.ca/problem/ccc18s2
ccc18s3,CCC,solutions/CCC/ccc18s3.cpp,5303608,2023-02-09T03:12:47+00:00,CPP17,AC,0.04208744,3560.0,https://dmoj.ca/problem/ccc18s3
ccc18s4,CCC,solutions/CCC/ccc18s4.cpp,5532679,2023-05-10T01:05:44+00:00,CPP14,AC,5.925109737,5800.0,https://dmoj.ca/problem/ccc18s4
ccc19j1,CCC,solutions/CCC/ccc19j1.cpp,4937841,2022-10-14T21:32:56+00:00,CPP14,AC,0.046867462,3400.0,https://dmoj.ca/problem/ccc19j1
ccc19j2,CCC,solutions/CCC/ccc19j2.cpp,4938995,2022-10-15T03:09:33+00:00,CPP14,AC,0.017710424,3392.0,https://dmoj.ca/problem/ccc19j2
ccc19j3,CCC,solutions/CCC/ccc19j3.cpp,4913224,2022-10-07T13:18:44+00:00,CPP14,AC,0.016964309,3372.0,https://dmoj.ca/problem/ccc19j3
ccc19s1,CCC,solutions/CCC/ccc19s1.cpp,4899837,2022-10-03T11:25:34+00:00,CPP14,AC,0.108620597,5232.0,https://dmoj.ca/problem/ccc19s1
ccc19s2,CCC,solutions/CCC/ccc19s2.cpp,4899840,2022-10-03T11:26:34+00:00,CPP14,AC,0.3087932,3464.0,https://dmoj.ca/problem/ccc19s2
ccc19s3,CCC,solutions/CCC/ccc19s3.cpp,5002748,2022-11-03T23:51:40+00:00,CPP14,AC,0.294518093,3392.0,https://dmoj.ca/problem/ccc19s3
ccc19s4,CCC,solutions/CCC/ccc19s4.cpp,4987325,2022-10-29T21:49:21+00:00,CPP14,AC,2.586362954,38296.0,https://dmoj.ca/problem/ccc19s4
ccc20j1,CCC,solutions/CCC/ccc20j1.cpp,4930007,2022-10-11T23:27:44+00:00,CPP14,AC,0.049967328,3396.0,https://dmoj.ca/problem/ccc20j1
ccc20j2,CCC,solutions/CCC/ccc20j2.cpp,4813115,2022-09-03T17:23:53+00:00,CPP14,AC,0.063624934,3408.0,https://dmoj.ca/problem/ccc20j2
ccc20j3,CCC,solutions/CCC/ccc20j3.py,4875863,2022-09-26T01:22:30+00:00,PY3,AC,0.432080615,9784.0,https://dmoj.ca/problem/ccc20j3
ccc20j4,CCC,solutions/CCC/ccc20j4.py,4875866,2022-09-26T01:23:05+00:00,PY3,AC,0.848510481,9620.0,https://dmoj.ca/problem/ccc20j4
ccc20s1,CCC,solutions/CCC/ccc20s1.cpp,4875873,2022-09-26T01:24:21+00:00,CPP14,AC,0.566764672,9932.0,https://dmoj.ca/problem/ccc20s1
ccc20s2,CCC,solutions/CCC/ccc20s2.cpp,4882470,2022-09-28T11:35:33+00:00,CPP14,AC,3.224631494,224460.0,https://dmoj.ca/problem/ccc20s2
ccc20s2hard,CCC,solutions/CCC/ccc20s2hard.cpp,5464017,2023-04-09T23:12:48+00:00,CPP14,AC,30.601478962,394120.0,https://dmoj.ca/problem/ccc20s2hard
ccc20s3,CCC,solutions/CCC/ccc20s3.cpp,4808708,2022-09-01T02:27:35+00:00,CPP14,AC,2.71923964,12196.0,https://dmoj.ca/problem/ccc20s3
ccc20s5,CCC,solutions/CCC/ccc20s5.cpp,5563412,2023-05-28T11:39:52+00:00,CPP14,AC,2.695884703,13464.0,https://dmoj.ca/problem/ccc20s5
ccc21j1,CCC,solutions/CCC/ccc21j1.cpp,4987002,2022-10-29T19:57:46+00:00,CPP14,AC,0.027268334,3412.0,https://dmoj.ca/problem/ccc21j1
ccc21j2,CCC,solutions/CCC/ccc21j2.cpp,4987085,2022-10-29T20:33:20+00:00,CPP14,AC,0.03162356,3388.0,https://dmoj.ca/problem/ccc21j2
ccc21j3,CCC,solutions/CCC/ccc21j3.cpp,4817825,2022-09-05T23:24:16+00:00,CPP14,AC,0.04933452,3508.0,https://dmoj.ca/problem/ccc21j3
ccc21j4,CCC,solutions/CCC/ccc21j4.py,4873267,2022-09-25T12:39:22+00:00,PY3,AC,0.488489479,10624.0,https://dmoj.ca/problem/ccc21j4
ccc21s1,CCC,solutions/CCC/ccc21s1.cpp,4853650,2022-09-19T01:25:38+00:00,CPP14,AC,0.036934463,3780.0,https://dmoj.ca/problem/ccc21s1
ccc21s2,CCC,solutions/CCC/ccc21s2.cpp,4853652,2022-09-19T01:26:06+00:00,CPP14,AC,4.105969015,48008.0,https://dmoj.ca/problem/ccc21s2
ccc21s3,CCC,solutions/CCC/ccc21s3.cpp,4843334,2022-09-16T00:40:33+00:00,CPP14,AC,2.625852346,19116.0,https://dmoj.ca/problem/ccc21s3
ccc21s4,CCC,solutions/CCC/ccc21s4.cpp,5432840,2023-03-25T18:21:03+00:00,CPP14,AC,5.297838331,23116.0,https://dmoj.ca/problem/ccc21s4
ccc22j1,CCC,solutions/CCC/ccc22j1.cpp,5069526,2022-11-27T03:10:15+00:00,CPP14,AC,0.028963685,3500.0,https://dmoj.ca/problem/ccc22j1
ccc22j2,CCC,solutions/CCC/ccc22j2.cpp,5184048,2023-01-04T13:56:22+00:00,CPP14,AC,0.02537434,3504.0,https://dmoj.ca/problem/ccc22j2
ccc22j5,CCC,solutions/CCC/ccc22j5.cpp,5379967,2023-02-28T17:11:28+00:00,CPP14,AC,0.126836891,3476.0,https://dmoj.ca/problem/ccc22j5
ccc22s1,CCC,solutions/CCC/ccc22s1.cpp,5220144,2023-01-16T01:56:08+00:00,CPP14,AC,0.171096811,3624.0,https://dmoj.ca/problem/ccc22s1
ccc22s2,CCC,solutions/CCC/ccc22s2.cpp,4841206,2022-09-15T01:55:15+00:00,CPP14,AC,5.537683069,43956.0,https://dmoj.ca/problem/ccc22s2
ccc22s3,CCC,solutions/CCC/ccc22s3.cpp,4894203,2022-10-01T20:28:34+00:00,CPP14,AC,2.312858623,11632.0,https://dmoj.ca/problem/ccc22s3
ccc23j1,CCC,solutions/CCC/ccc23j1.c,5384565,2023-03-02T12:39:00+00:00,C,AC,0.019127394,1556.0,https://dmoj.ca/problem/ccc23j1
ccc23j2,CCC,solutions/CCC/ccc23j2.cpp,5353884,2023-02-18T21:34:38+00:00,CPP14,AC,0.013446082,3436.0,https://dmoj.ca/problem/ccc23j2
ccc23j3,CCC,solutions/CCC/ccc23j3.py,5354145,2023-02-18T22:40:33+00:00,PYPY3,AC,0.609727479,56828.0,https://dmoj.ca/problem/ccc23j3
ccc23j5,CCC,solutions/CCC/ccc23j5.cpp,5357127,2023-02-19T19:44:11+00:00,CPP14,AC,0.072426025,3464.0,https://dmoj.ca/problem/ccc23j5
ccc23s1,CCC,solutions/CCC/ccc23s1.c,5372657,2023-02-25T15:19:53+00:00,C,AC,0.180827953,3116.0,https://dmoj.ca/problem/ccc23s1
ccc23s2,CCC,solutions/CCC/ccc23s2.cpp,5359756,2023-02-20T17:38:09+00:00,CPP14,AC,3.272228556,188784.0,https://dmoj.ca/problem/ccc23s2
ccc23s3,CCC,solutions/CCC/ccc23s3.cpp,5366554,2023-02-23T02:40:44+00:00,CPP14,AC,0.8468331620000003,7640.0,https://dmoj.ca/problem/ccc23s3
ccc24j1,CCC,solutions/CCC/ccc24j1.c,6274311,2024-03-08T14:49:09+00:00,C,AC,0.016463621,1576.0,https://dmoj.ca/problem/ccc24j1
ccc24j2,CCC,solutions/CCC/ccc24j2.c,6274319,2024-03-08T14:55:37+00:00,C,AC,0.025328483,1560.0,https://dmoj.ca/problem/ccc24j2
ccc24s1,CCC,solutions/CCC/ccc24s1.c,6253417,2024-02-28T20:41:02+00:00,C,AC,1.982159591,5472.0,https://dmoj.ca/problem/ccc24s1
ccc24s2,CCC,solutions/CCC/ccc24s2.cpp,6253418,2024-02-28T20:42:18+00:00,CPP14,AC,0.164789162,4852.0,https://dmoj.ca/problem/ccc24s2
ccc96s1,CCC,solutions/CCC/ccc96s1.c,5403985,2023-03-11T17:56:30+00:00,CLANG,AC,0.002989849,1840.0,https://dmoj.ca/problem/ccc96s1
ccc96s2,CCC,solutions/CCC/ccc96s2.cpp,4798670,2022-08-26T16:20:33+00:00,CPP14,AC,0.014167271,3460.0,https://dmoj.ca/problem/ccc96s2
ccc97s2,CCC,solutions/CCC/ccc97s2.cpp,5403813,2023-03-11T16:39:56+00:00,CPP14,AC,0.013560777,1568.0,https://dmoj.ca/problem/ccc97s2
ccc98s1,CCC,solutions/CCC/ccc98s1.cpp,4778478,2022-08-18T00:56:33+00:00,CPP14,AC,0.012375189,3472.0,https://dmoj.ca/problem/ccc98s1
ccc98s2,CCC,solutions/CCC/ccc98s2.txt,5495086,2023-04-22T15:44:38+00:00,TEXT,AC,0.003938308,1692.0,https://dmoj.ca/problem/ccc98s2
cccjqrp1,CCC,solutions/CCC/cccjqrp1.cpp,4905731,2022-10-04T22:14:12+00:00,CPP14,AC,0.830168797,3388.0,https://dmoj.ca/problem/cccjqrp1
cccjqrp3,CCC,solutions/CCC/cccjqrp3.cpp,5503747,2023-04-27T11:39:52+00:00,CPP14,AC,0.261808591,3696.0,https://dmoj.ca/problem/cccjqrp3
cchange,Other,solutions/Other/cchange.cpp,5414535,2023-03-17T16:38:09+00:00,CPP14,AC,0.04425418,3468.0,https://dmoj.ca/problem/cchange
cco05p5,CCO,solutions/CCO/cco05p5.cpp,5494125,2023-04-22T00:40:13+00:00,CPP20,AC,0.046157605,3644.0,https://dmoj.ca/problem/cco05p5
cco07p1,CCO,solutions/CCO/cco07p1.cpp,6215073,2024-02-19T03:35:44+00:00,CPP14,AC,0.036873904,3564.0,https://dmoj.ca/problem/cco07p1
cco07p2,CCO,solutions/CCO/cco07p2.cpp,5434555,2023-03-26T18:05:08+00:00,CPP14,AC,2.170511957,50340.0,https://dmoj.ca/problem/cco07p2
cco10p6,CCO,solutions/CCO/cco10p6.cpp,5429559,2023-03-23T22:56:00+00:00,CPP14,AC,0.034043451,3412.0,https://dmoj.ca/problem/cco10p6
cco12p2,CCO,solutions/CCO/cco12p2.cpp,5390451,2023-03-05T15:33:46+00:00,CPP17,AC,0.713758257,8572.0,https://dmoj.ca/problem/cco12p2
cco13p1,CCO,solutions/CCO/cco13p1.cpp,5497530,2023-04-23T17:23:53+00:00,CPP14,AC,0.166323774,3372.0,https://dmoj.ca/problem/cco13p1
cco14p1,CCO,solutions/CCO/cco14p1.java,5404471,2023-03-11T22:08:10+00:00,JAVA,AC,3.090578765,112216.0,https://dmoj.ca/problem/cco14p1
cco14p4,CCO,solutions/CCO/cco14p4.cpp,5558735,2023-05-25T11:27:05+00:00,CPP14,AC,0.119272007,4252.0,https://dmoj.ca/problem/cco14p4
cco17p1,CCO,solutions/CCO/cco17p1.cpp,6053632,2024-01-05T23:24:59+00:00,CPP14,AC,0.16464456,3556.0,https://dmoj.ca/problem/cco17p1
cco17p5,CCO,solutions/CCO/cco17p5.cpp,5505118,2023-04-28T01:53:37+00:00,CPP14,AC,3.02097473,5860.0,https://dmoj.ca/problem/cco17p5
cco18p1,CCO,solutions/CCO/cco18p1.cpp,5425382,2023-03-22T01:59:23+00:00,CPP14,AC,0.090794991,7232.0,https://dmoj.ca/problem/cco18p1
cco18p2,CCO,solutions/CCO/cco18p2.txt,5497651,2023-04-23T18:36:52+00:00,TEXT,AC,0.002414498,1660.0,https://dmoj.ca/problem/cco18p2
cco19p5,CCO,solutions/CCO/cco19p5.cpp,5729685,2023-08-24T01:53:33+00:00,CPP14,AC,2.242979899,26480.0,https://dmoj.ca/problem/cco19p5
cco96p1,CCO,solutions/CCO/cco96p1.cpp,5429577,2023-03-23T23:14:34+00:00,CPP14,AC,0.003523857,3576.0,https://dmoj.ca/problem/cco96p1
cco97p2,CCO,solutions/CCO/cco97p2.cpp,5463983,2023-04-09T23:03:00+00:00,CPP14,AC,0.481121488,3840.0,https://dmoj.ca/problem/cco97p2
cco98p1,CCO,solutions/CCO/cco98p1.cpp,4830691,2022-09-11T19:30:07+00:00,CPP14,AC,0.004048799,3544.0,https://dmoj.ca/problem/cco98p1
cheerio1j3,Other,solutions/Other/cheerio1j3.cpp,5360752,2023-02-20T22:39:24+00:00,CPP14,AC,0.584869192,6448.0,https://dmoj.ca/problem/cheerio1j3
cheerio1s2,Other,solutions/Other/cheerio1s2.java,5495592,2023-04-22T20:18:41+00:00,JAVA,AC,2.172576787,385064.0,https://dmoj.ca/problem/cheerio1s2
cheerio3p1,Other,solutions/Other/cheerio3p1.cpp,5290002,2023-02-05T21:17:27+00:00,CPP14,AC,0.146050857,4376.0,https://dmoj.ca/problem/cheerio3p1
cheerio3p2,Other,solutions/Other/cheerio3p2.cpp,5290263,2023-02-05T22:15:30+00:00,CPP14,AC,0.101799898,8136.0,https://dmoj.ca/problem/cheerio3p2
chocolate,Other,solutions/Other/chocolate.cpp,5360059,2023-02-20T18:48:52+00:00,CPP14,AC,0.003566969,3468.0,https://dmoj.ca/problem/chocolate
coci06c1p1,COCI,solutions/COCI/coci06c1p1.cpp,5069538,2022-11-27T03:13:53+00:00,CPP14,AC,0.032534718,3460.0,https://dmoj.ca/problem/coci06c1p1
coci06c1p2,COCI,solutions/COCI/coci06c1p2.c,6181130,2024-02-12T23:47:18+00:00,C,AC,0.02790938,1576.0,https://dmoj.ca/problem/coci06c1p2
coci06c1p5,COCI,solutions/COCI/coci06c1p5.cpp,5559243,2023-05-25T19:31:57+00:00,CPP14,AC,0.960496129,19956.0,https://dmoj.ca/problem/coci06c1p5
coci06c2p1,COCI,solutions/COCI/coci06c2p1.cpp,5186679,2023-01-05T03:32:48+00:00,CPP14,AC,0.03646452,3500.0,https://dmoj.ca/problem/coci06c2p1
coci06c2p4,COCI,solutions/COCI/coci06c2p4.cpp,4993874,2022-10-31T20:41:55+00:00,CPP14,AC,0.02760458,1508.0,https://dmoj.ca/problem/coci06c2p4
coci06c2p5,COCI,solutions/COCI/coci06c2p5.cpp,6187541,2024-02-14T14:27:39+00:00,CPP14,AC,0.057628473,6036.0,https://dmoj.ca/problem/coci06c2p5
coci06c3p3,COCI,solutions/COCI/coci06c3p3.cpp,6188816,2024-02-14T20:34:27+00:00,CPP14,AC,0.034520876,3476.0,https://dmoj.ca/problem/coci06c3p3
coci06c4p4,COCI,solutions/COCI/coci06c4p4.cpp,6340928,2024-04-13T22:33:28+00:00,CPP14,AC,0.149801827,3688.0,https://dmoj.ca/problem/coci06c4p4
coci07c2p3,COCI,solutions/COCI/coci07c2p3.cpp,5009839,2022-11-06T18:07:23+00:00,CPP11,AC,0.026494413,3444.0,https://dmoj.ca/problem/coci07c2p3
coci07c4p4,COCI,solutions/COCI/coci07c4p4.cpp,5445459,2023-04-01T02:16:51+00:00,CPP14,AC,0.044798396,3540.0,https://dmoj.ca/problem/coci07c4p4
coci08c2p3,COCI,solutions/COCI/coci08c2p3.cpp,6172896,2024-02-11T02:30:06+00:00,CPP14,AC,0.023521014,3476.0,https://dmoj.ca/problem/coci08c2p3
coci08c3p2,COCI,solutions/COCI/coci08c3p2.cpp,5364134,2023-02-22T02:46:15+00:00,CPP14,AC,0.017001679,3488.0,https://dmoj.ca/problem/coci08c3p2
coci09c4p5,COCI,solutions/COCI/coci09c4p5.cpp,4986988,2022-10-29T19:51:14+00:00,CPP14,AC,0.136282048,19884.0,https://dmoj.ca/problem/coci09c4p5
coci13c4p4,COCI,solutions/COCI/coci13c4p4.cpp,5465064,2023-04-10T12:55:33+00:00,CPP14,AC,1.234881287,3920.0,https://dmoj.ca/problem/coci13c4p4
coci14c1p2,COCI,solutions/COCI/coci14c1p2.cpp,6340589,2024-04-13T20:31:42+00:00,CPP14,AC,0.016942853,3480.0,https://dmoj.ca/problem/coci14c1p2
coci14c1p4,COCI,solutions/COCI/coci14c1p4.cpp,6342612,2024-04-14T18:29:42+00:00,CPP14,AC,0.088866524,7136.0,https://dmoj.ca/problem/coci14c1p4
coci14c2p3,COCI,solutions/COCI/coci14c2p3.cpp,5425340,2023-03-22T01:44:44+00:00,CPP14,AC,0.358907656,3528.0,https://dmoj.ca/problem/coci14c2p3
coci14c4p3,COCI,solutions/COCI/coci14c4p3.cpp,5460004,2023-04-08T02:48:45+00:00,CPP14,AC,0.181686185,5712.0,https://dmoj.ca/problem/coci14c4p3
coci14c6p4,COCI,solutions/COCI/coci14c6p4.c,5449722,2023-04-02T17:26:58+00:00,C,AC,0.37104532700000004,1868.0,https://dmoj.ca/problem/coci14c6p4
coci14c7p3,COCI,solutions/COCI/coci14c7p3.cpp,5433793,2023-03-26T01:58:41+00:00,CPP14,AC,0.059840143,7560.0,https://dmoj.ca/problem/coci14c7p3
coci15c1p3,COCI,solutions/COCI/coci15c1p3.cpp,6099119,2024-01-22T21:43:12+00:00,CPP14,AC,0.858912506,3580.0,https://dmoj.ca/problem/coci15c1p3
coci15c2p2,COCI,solutions/COCI/coci15c2p2.cpp,4949566,2022-10-18T22:33:49+00:00,CPP14,AC,0.036269956,3356.0,https://dmoj.ca/problem/coci15c2p2
coci15c4p3,COCI,solutions/COCI/coci15c4p3.cpp,5529043,2023-05-07T18:04:42+00:00,CPP14,AC,0.437105366,3384.0,https://dmoj.ca/problem/coci15c4p3
coci18c4p2,COCI,solutions/COCI/coci18c4p2.java,4990552,2022-10-30T23:10:24+00:00,JAVA,AC,3.408356708,80160.0,https://dmoj.ca/problem/coci18c4p2
coci19c3p5,COCI,solutions/COCI/coci19c3p5.c,6175663,2024-02-11T20:11:17+00:00,C,AC,0.283215961,1624.0,https://dmoj.ca/problem/coci19c3p5
coci19c4p2,COCI,solutions/COCI/coci19c4p2.cpp,5458341,2023-04-07T15:53:42+00:00,CPP14,AC,4.391506561,10248.0,https://dmoj.ca/problem/coci19c4p2
coci19c5p2,COCI,solutions/COCI/coci19c5p2.java,5027869,2022-11-12T22:10:31+00:00,JAVA,AC,2.867437595,56048.0,https://dmoj.ca/problem/coci19c5p2
coci20c4p1,COCI,solutions/COCI/coci20c4p1.cpp,4796891,2022-08-25T15:42:27+00:00,CPP14,AC,0.053247469,3508.0,https://dmoj.ca/problem/coci20c4p1
coci20c4p2,COCI,solutions/COCI/coci20c4p2.cpp,4784625,2022-08-20T17:04:02+00:00,CPP14,AC,19.563119551,17368.0,https://dmoj.ca/problem/coci20c4p2
coci20c6p1,COCI,solutions/COCI/coci20c6p1.cpp,5559890,2023-05-26T03:04:03+00:00,CPP14,AC,0.028233093,3452.0,https://dmoj.ca/problem/coci20c6p1
coci21c6p3,COCI,solutions/COCI/coci21c6p3.cpp,5090102,2022-12-04T18:20:55+00:00,CPP14,AC,3.111288845,16508.0,https://dmoj.ca/problem/coci21c6p3
coci22c4p1,COCI,solutions/COCI/coci22c4p1.py,5418547,2023-03-19T17:24:15+00:00,PYPY3,AC,0.722461962,57020.0,https://dmoj.ca/problem/coci22c4p1
coi06p1,Other,solutions/Other/coi06p1.cpp,5738510,2023-08-28T18:48:15+00:00,CPP14,AC,0.296147661,3404.0,https://dmoj.ca/problem/coi06p1
collatz,Other,solutions/Other/collatz.cpp,5038757,2022-11-17T12:25:23+00:00,CPP14,AC,0.016804744,3400.0,https://dmoj.ca/problem/collatz
cpc19c1p2,Other,solutions/Other/cpc19c1p2.cpp,6528081,2024-08-01T23:36:23+00:00,CPP14,AC,0.353685285,4076.0,https://dmoj.ca/problem/cpc19c1p2
cpc21c1p0,Other,solutions/Other/cpc21c1p0.cpp,5222258,2023-01-17T00:30:05+00:00,CPP14,AC,0.365988119,3472.0,https://dmoj.ca/problem/cpc21c1p0
cpc21c1p4,Other,solutions/Other/cpc21c1p4.cpp,5051246,2022-11-20T23:15:35+00:00,CPP14,AC,12.482354292,26712.0,https://dmoj.ca/problem/cpc21c1p4
ctuopen2017a,Other,solutions/Other/ctuopen2017a.cpp,5433096,2023-03-25T20:29:23+00:00,CPP14,AC,0.007559084,3440.0,https://dmoj.ca/problem/ctuopen2017a
deathgun,Other,solutions/Other/deathgun.cpp,5409164,2023-03-14T18:28:44+00:00,CPP14,AC,0.037704829,3568.0,https://dmoj.ca/problem/deathgun
denoun,Other,solutions/Other/denoun.cpp,5187344,2023-01-05T12:23:07+00:00,CPP14,AC,0.003602503,3500.0,https://dmoj.ca/problem/denoun
divmod,Other,solutions/Other/divmod.c,5405708,2023-03-12T16:58:19+00:00,C,AC,0.301760538,1564.0,https://dmoj.ca/problem/divmod
dmopc13c1p4,DMOPC,solutions/DMOPC/dmopc13c1p4.java,4899847,2022-10-03T11:30:37+00:00,JAVA,AC,1.853788875,74460.0,https://dmoj.ca/problem/dmopc13c1p4
dmopc13c3p5,DMOPC,solutions/DMOPC/dmopc13c3p5.cpp,5404559,2023-03-11T22:50:48+00:00,CPP14,AC,0.075032419,23236.0,https://dmoj.ca/problem/dmopc13c3p5
dmopc14c1p2,DMOPC,solutions/DMOPC/dmopc14c1p2.cpp,5181066,2023-01-03T12:19:51+00:00,CPP14,AC,0.036469006,3460.0,https://dmoj.ca/problem/dmopc14c1p2
dmopc14c1p3,DMOPC,solutions/DMOPC/dmopc14c1p3.cpp,6122553,2024-01-30T15:07:41+00:00,CPP14,AC,0.122990407,3696.0,https://dmoj.ca/problem/dmopc14c1p3
dmopc14c2p3,DMOPC,solutions/DMOPC/dmopc14c2p3.cpp,5471632,2023-04-13T15:54:35+00:00,CPP14,AC,0.067695987,4012.0,https://dmoj.ca/problem/dmopc14c2p3
dmopc14c2p6,DMOPC,solutions/DMOPC/dmopc14c2p6.cpp,6809617,2024-12-14T20:38:30+00:00,CPP20,AC,0.266034308,6856.0,https://dmoj.ca/problem/dmopc14c2p6
dmopc14c3p1,DMOPC,solutions/DMOPC/dmopc14c3p1.cpp,5069595,2022-11-27T03:34:48+00:00,CPP14,AC,0.035227484,3508.0,https://dmoj.ca/problem/dmopc14c3p1
dmopc14c3p4,DMOPC,solutions/DMOPC/dmopc14c3p4.cpp,4832698,2022-09-12T03:25:32+00:00,CPP14,AC,2.292588997,26880.0,https://dmoj.ca/problem/dmopc14c3p4
dmopc14c3p6,DMOPC,solutions/DMOPC/dmopc14c3p6.cpp,5361490,2023-02-21T03:25:39+00:00,CPP14,AC,0.367931767,3504.0,https://dmoj.ca/problem/dmopc14c3p6
dmopc14c4p3,DMOPC,solutions/DMOPC/dmopc14c4p3.cpp,5466952,2023-04-11T02:36:39+00:00,CPP14,AC,0.253113476,15576.0,https://dmoj.ca/problem/dmopc14c4p3
dmopc14c4p6,DMOPC,solutions/DMOPC/dmopc14c4p6.cpp,5376111,2023-02-26T17:39:47+00:00,CPP14,AC,2.901859805,65860.0,https://dmoj.ca/problem/dmopc14c4p6
dmopc14c5p1,DMOPC,solutions/DMOPC/dmopc14c5p1.cpp,5090252,2022-12-04T19:13:34+00:00,CPP14,AC,0.019659798,3640.0,https://dmoj.ca/problem/dmopc14c5p1
dmopc14c5p2,DMOPC,solutions/DMOPC/dmopc14c5p2.cpp,5229315,2023-01-19T02:51:25+00:00,CPP14,AC,0.043783563,3472.0,https://dmoj.ca/problem/dmopc14c5p2
dmopc14c6p4,DMOPC,solutions/DMOPC/dmopc14c6p4.cpp,5539316,2023-05-13T19:18:04+00:00,CPP14,AC,0.033571188,3436.0,https://dmoj.ca/problem/dmopc14c6p4
dmopc14c7p4,DMOPC,solutions/DMOPC/dmopc14c7p4.c,5413044,2023-03-16T17:42:03+00:00,C,AC,0.137825556,1508.0,https://dmoj.ca/problem/dmopc14c7p4
dmopc14c7p5,DMOPC,solutions/DMOPC/dmopc14c7p5.cpp,6123908,2024-01-30T22:49:23+00:00,CPP14,AC,0.246488097,4756.0,https://dmoj.ca/problem/dmopc14c7p5
dmopc15c1p4,DMOPC,solutions/DMOPC/dmopc15c1p4.java,5495486,2023-04-22T19:32:41+00:00,JAVA,AC,11.15032334,65684.0,https://dmoj.ca/problem/dmopc15c1p4
dmopc15c1p5,DMOPC,solutions/DMOPC/dmopc15c1p5.cpp,6125067,2024-01-31T03:33:37+00:00,CPP14,AC,0.578574495,3748.0,https://dmoj.ca/problem/dmopc15c1p5
dmopc15c2p1,DMOPC,solutions/DMOPC/dmopc15c2p1.cpp,6123933,2024-01-30T22:56:25+00:00,CPP14,AC,0.033896998,3440.0,https://dmoj.ca/problem/dmopc15c2p1
dmopc15c3p2,DMOPC,solutions/DMOPC/dmopc15c3p2.cpp,6094861,2024-01-21T14:06:36+00:00,CPP14,AC,0.140035694,3920.0,https://dmoj.ca/problem/dmopc15c3p2
dmopc15c3p5,DMOPC,solutions/DMOPC/dmopc15c3p5.cpp,6128481,2024-02-01T03:09:22+00:00,CPP14,AC,1.06045476,36280.0,https://dmoj.ca/problem/dmopc15c3p5
dmopc15c4p2,DMOPC,solutions/DMOPC/dmopc15c4p2.cpp,5472189,2023-04-13T20:26:22+00:00,CPP14,AC,0.339382274,3504.0,https://dmoj.ca/problem/dmopc15c4p2
dmopc15c4p4,DMOPC,solutions/DMOPC/dmopc15c4p4.cpp,5372612,2023-02-25T14:52:34+00:00,CPP03,AC,0.96903916,5024.0,https://dmoj.ca/problem/dmopc15c4p4
dmopc15c6p3,DMOPC,solutions/DMOPC/dmopc15c6p3.cpp,6175318,2024-02-11T19:14:57+00:00,CPP14,AC,0.335277129,4756.0,https://dmoj.ca/problem/dmopc15c6p3
dmopc15c6p4,DMOPC,solutions/DMOPC/dmopc15c6p4.cpp,5222654,2023-01-17T02:04:27+00:00,CPP14,AC,0.577708937,5296.0,https://dmoj.ca/problem/dmopc15c6p4
dmopc15c6p5,DMOPC,solutions/DMOPC/dmopc15c6p5.cpp,4863010,2022-09-22T11:06:30+00:00,CPP14,AC,0.609246504,45232.0,https://dmoj.ca/problem/dmopc15c6p5
dmopc15c7p2,DMOPC,solutions/DMOPC/dmopc15c7p2.cpp,6094874,2024-01-21T14:21:04+00:00,CPP14,AC,0.016740236,3436.0,https://dmoj.ca/problem/dmopc15c7p2
dmopc16c1p3,DMOPC,solutions/DMOPC/dmopc16c1p3.cpp,5376174,2023-02-26T18:11:55+00:00,CPP14,AC,0.059488991,3776.0,https://dmoj.ca/problem/dmopc16c1p3
dmopc16c1p5,DMOPC,solutions/DMOPC/dmopc16c1p5.cpp,6068743,2024-01-11T21:11:25+00:00,CPP14,AC,1.234212696,8892.0,https://dmoj.ca/problem/dmopc16c1p5
dmopc16c2p4,DMOPC,solutions/DMOPC/dmopc16c2p4.cpp,5460562,2023-04-08T12:23:18+00:00,CPP14,AC,0.050113439,3436.0,https://dmoj.ca/problem/dmopc16c2p4
dmopc16c4p1,DMOPC,solutions/DMOPC/dmopc16c4p1.cpp,5472246,2023-04-13T20:53:28+00:00,CPP14,AC,10.346030032,3504.0,https://dmoj.ca/problem/dmopc16c4p1
dmopc16c4p5,DMOPC,solutions/DMOPC/dmopc16c4p5.cpp,5459160,2023-04-07T21:12:50+00:00,CPP14,AC,1.369833254,14824.0,https://dmoj.ca/problem/dmopc16c4p5
dmopc17c1p3,DMOPC,solutions/DMOPC/dmopc17c1p3.cpp,5408836,2023-03-14T15:30:08+00:00,CPP14,AC,3.193163822,35260.0,https://dmoj.ca/problem/dmopc17c1p3
dmopc17c1p4,DMOPC,solutions/DMOPC/dmopc17c1p4.cpp,5405416,2023-03-12T14:15:36+00:00,CPP14,AC,1.533871286,3580.0,https://dmoj.ca/problem/dmopc17c1p4
dmopc17c2p1,DMOPC,solutions/DMOPC/dmopc17c2p1.cpp,5289288,2023-02-05T18:45:09+00:00,CPP14,AC,0.300838193,3464.0,https://dmoj.ca/problem/dmopc17c2p1
dmopc17c2p3,DMOPC,solutions/DMOPC/dmopc17c2p3.java,4939863,2022-10-15T15:01:53+00:00,JAVA,AC,14.549215556,109868.0,https://dmoj.ca/problem/dmopc17c2p3
dmopc18c2p0,DMOPC,solutions/DMOPC/dmopc18c2p0.cpp,5395315,2023-03-07T19:11:37+00:00,CPP14,AC,0.107517503,3604.0,https://dmoj.ca/problem/dmopc18c2p0
dmopc18c2p3,DMOPC,solutions/DMOPC/dmopc18c2p3.cpp,5408770,2023-03-14T14:56:45+00:00,CPP14,AC,1.275333085,11824.0,https://dmoj.ca/problem/dmopc18c2p3
dmopc18c2p4,DMOPC,solutions/DMOPC/dmopc18c2p4.cpp,5418484,2023-03-19T16:52:55+00:00,CPP14,AC,0.390416244,7312.0,https://dmoj.ca/problem/dmopc18c2p4
dmopc18c4p2,DMOPC,solutions/DMOPC/dmopc18c4p2.cpp,5418506,2023-03-19T17:06:50+00:00,CPP14,AC,0.340911998,4396.0,https://dmoj.ca/problem/dmopc18c4p2
dmopc18c6p3,DMOPC,solutions/DMOPC/dmopc18c6p3.cpp,5214174,2023-01-14T03:08:36+00:00,CPP14,AC,0.783772338,6680.0,https://dmoj.ca/problem/dmopc18c6p3
dmopc19c2p0,DMOPC,solutions/DMOPC/dmopc19c2p0.cpp,5395065,2023-03-07T17:28:47+00:00,CPP14,AC,0.203065581,1564.0,https://dmoj.ca/problem/dmopc19c2p0
dmopc19c2p2,DMOPC,solutions/DMOPC/dmopc19c2p2.cpp,5422394,2023-03-20T19:13:02+00:00,CPP14,AC,0.182957175,5444.0,https://dmoj.ca/problem/dmopc19c2p2
dmopc19c3p3,DMOPC,solutions/DMOPC/dmopc19c3p3.cpp,5552360,2023-05-21T00:19:35+00:00,CPP14,AC,0.535767826,4372.0,https://dmoj.ca/problem/dmopc19c3p3
dmopc19c4p0,DMOPC,solutions/DMOPC/dmopc19c4p0.cpp,5090248,2022-12-04T19:09:49+00:00,CPP14,AC,0.076255936,3492.0,https://dmoj.ca/problem/dmopc19c4p0
dmopc19c5p0,DMOPC,solutions/DMOPC/dmopc19c5p0.cpp,5222378,2023-01-17T00:53:44+00:00,CPP14,AC,0.159199132,3476.0,https://dmoj.ca/problem/dmopc19c5p0
dmopc19c6p2,DMOPC,solutions/DMOPC/dmopc19c6p2.cpp,5422721,2023-03-20T22:04:16+00:00,CPP14,AC,2.135173847,3368.0,https://dmoj.ca/problem/dmopc19c6p2
dmopc20c5p2,DMOPC,solutions/DMOPC/dmopc20c5p2.cpp,5459746,2023-04-08T01:07:47+00:00,CPP14,AC,2.740143807,26820.0,https://dmoj.ca/problem/dmopc20c5p2
dmopc21c10p5,DMOPC,solutions/DMOPC/dmopc21c10p5.txt,4819913,2022-09-07T02:06:26+00:00,TEXT,AC,0.003471364,1920.0,https://dmoj.ca/problem/dmopc21c10p5
dmopc21c4p3,DMOPC,solutions/DMOPC/dmopc21c4p3.cpp,5321377,2023-02-12T18:34:43+00:00,CPP14,AC,0.003005369,3748.0,https://dmoj.ca/problem/dmopc21c4p3
dmopc21c5p1,DMOPC,solutions/DMOPC/dmopc21c5p1.cpp,4950797,2022-10-19T11:24:56+00:00,CPP14,AC,0.990022672,11960.0,https://dmoj.ca/problem/dmopc21c5p1
dmopc21c5p2,DMOPC,solutions/DMOPC/dmopc21c5p2.cpp,5538820,2023-05-13T14:48:58+00:00,CPP14,AC,1.243300223,3484.0,https://dmoj.ca/problem/dmopc21c5p2
dmopc21c6p1,DMOPC,solutions/DMOPC/dmopc21c6p1.cpp,4990911,2022-10-31T00:53:33+00:00,CPP14,AC,1.099174909,4368.0,https://dmoj.ca/problem/dmopc21c6p1
dmopc21c6p3,DMOPC,solutions/DMOPC/dmopc21c6p3.cpp,4965315,2022-10-24T00:09:02+00:00,CPP14,AC,19.934037841,46948.0,https://dmoj.ca/problem/dmopc21c6p3
dmopc22c1p1,DMOPC,solutions/DMOPC/dmopc22c1p1.cpp,4944975,2022-10-17T11:31:32+00:00,CPP14,AC,0.777523626,11156.0,https://dmoj.ca/problem/dmopc22c1p1
dmopc22c1p2,DMOPC,solutions/DMOPC/dmopc22c1p2.cpp,5410901,2023-03-15T15:03:59+00:00,CPP14,AC,12.448451872,94728.0,https://dmoj.ca/problem/dmopc22c1p2
dmopc22c2p1,DMOPC,solutions/DMOPC/dmopc22c2p1.java,5091566,2022-12-05T03:20:02+00:00,JAVA,AC,1.655768536,65840.0,https://dmoj.ca/problem/dmopc22c2p1
dmopc22c3p1,DMOPC,solutions/DMOPC/dmopc22c3p1.cpp,5209412,2023-01-12T12:32:34+00:00,CPP14,AC,0.129015109,3432.0,https://dmoj.ca/problem/dmopc22c3p1
dmopc22c3p2,DMOPC,solutions/DMOPC/dmopc22c3p2.java,5190628,2023-01-06T14:39:44+00:00,JAVA,AC,23.515868284,182616.0,https://dmoj.ca/problem/dmopc22c3p2
dmopc23c1p1,DMOPC,solutions/DMOPC/dmopc23c1p1.cpp,6031890,2023-12-27T21:43:00+00:00,CPP14,AC,2.570821312,11460.0,https://dmoj.ca/problem/dmopc23c1p1
dmopc23c1p2,DMOPC,solutions/DMOPC/dmopc23c1p2.cpp,6005353,2023-12-16T15:33:08+00:00,CPP14,AC,1.51177324,3484.0,https://dmoj.ca/problem/dmopc23c1p2
dmpg15s5,DMPG,solutions/DMPG/dmpg15s5.cpp,5422886,2023-03-20T23:07:05+00:00,CPP14,AC,1.294598263,198760.0,https://dmoj.ca/problem/dmpg15s5
dmpg16s2,DMPG,solutions/DMPG/dmpg16s2.cpp,5539195,2023-05-13T18:36:40+00:00,CPP14,AC,0.076734379,3340.0,https://dmoj.ca/problem/dmpg16s2
dmpg16s5,DMPG,solutions/DMPG/dmpg16s5.cpp,4782885,2022-08-19T22:02:36+00:00,CPP14,AC,0.456498823,5240.0,https://dmoj.ca/problem/dmpg16s5
dmpg17b4,DMPG,solutions/DMPG/dmpg17b4.txt,5539168,2023-05-13T18:16:41+00:00,TEXT,AC,0.003611889,1724.0,https://dmoj.ca/problem/dmpg17b4
dmpg17b6,DMPG,solutions/DMPG/dmpg17b6.cpp,5539136,2023-05-13T18:02:02+00:00,CPP14,AC,0.214451051,3484.0,https://dmoj.ca/problem/dmpg17b6
dmpg17s2,DMPG,solutions/DMPG/dmpg17s2.java,5094133,2022-12-06T04:24:06+00:00,JAVA,AC,11.533467451,75528.0,https://dmoj.ca/problem/dmpg17s2
dmpg17s5,DMPG,solutions/DMPG/dmpg17s5.cpp,5540559,2023-05-14T12:45:31+00:00,CPP14,AC,0.139617536,3400.0,https://dmoj.ca/problem/dmpg17s5
dmpg18b5,DMPG,solutions/DMPG/dmpg18b5.cpp,5412825,2023-03-16T16:02:50+00:00,CPP14,AC,0.289199549,5304.0,https://dmoj.ca/problem/dmpg18b5
dmpg18s2,DMPG,solutions/DMPG/dmpg18s2.cpp,5478147,2023-04-16T23:37:24+00:00,CPP14,AC,0.250585719,4244.0,https://dmoj.ca/problem/dmpg18s2
dp1p1,Other,solutions/Other/dp1p1.cpp,5296039,2023-02-07T12:24:53+00:00,CPP14,AC,0.021822196,4472.0,https://dmoj.ca/problem/dp1p1
dp1p2,Other,solutions/Other/dp1p2.cpp,5449728,2023-04-02T17:33:50+00:00,CPP14,AC,0.025358491,12360.0,https://dmoj.ca/problem/dp1p2
dp1p3,Other,solutions/Other/dp1p3.cpp,5164612,2022-12-29T15:25:09+00:00,CPP14,AC,0.017984849,3488.0,https://dmoj.ca/problem/dp1p3
dp1p4,Other,solutions/Other/dp1p4.cpp,5528904,2023-05-07T16:35:01+00:00,CPP14,AC,0.017721259,4248.0,https://dmoj.ca/problem/dp1p4
dpa,AtCoder_DP,solutions/AtCoder_DP/dpa.cpp,5296038,2023-02-07T12:24:30+00:00,CPP14,AC,0.076142722,4244.0,https://dmoj.ca/problem/dpa
dpb,AtCoder_DP,solutions/AtCoder_DP/dpb.cpp,5060102,2022-11-24T00:17:49+00:00,CPP14,AC,0.225438566,11176.0,https://dmoj.ca/problem/dpb
dpc,AtCoder_DP,solutions/AtCoder_DP/dpc.cpp,5529229,2023-05-07T20:45:35+00:00,CPP14,AC,0.225260999,5716.0,https://dmoj.ca/problem/dpc
dpd,AtCoder_DP,solutions/AtCoder_DP/dpd.cpp,5315138,2023-02-11T19:28:28+00:00,CPP14,AC,0.098951205,4252.0,https://dmoj.ca/problem/dpd
dpe,AtCoder_DP,solutions/AtCoder_DP/dpe.cpp,5358585,2023-02-20T03:15:46+00:00,CPP14,AC,0.190529681,4368.0,https://dmoj.ca/problem/dpe
dpf,AtCoder_DP,solutions/AtCoder_DP/dpf.cpp,5425458,2023-03-22T02:51:20+00:00,CPP14,AC,0.437663956,51936.0,https://dmoj.ca/problem/dpf
dpg,AtCoder_DP,solutions/AtCoder_DP/dpg.cpp,5504087,2023-04-27T14:43:56+00:00,CPP14,AC,0.47825842,11408.0,https://dmoj.ca/problem/dpg
dph,AtCoder_DP,solutions/AtCoder_DP/dph.cpp,5465276,2023-04-10T14:57:03+00:00,CPP14,AC,0.135238275,7556.0,https://dmoj.ca/problem/dph
dpj,AtCoder_DP,solutions/AtCoder_DP/dpj.cpp,5563787,2023-05-28T16:57:00+00:00,CPP14,AC,3.214672313,165964.0,https://dmoj.ca/problem/dpj
dpl,AtCoder_DP,solutions/AtCoder_DP/dpl.cpp,5460568,2023-04-08T12:29:55+00:00,CPP14,AC,0.61734571,80168.0,https://dmoj.ca/problem/dpl
dpm,AtCoder_DP,solutions/AtCoder_DP/dpm.cpp,5564506,2023-05-29T01:02:12+00:00,CPP14,AC,0.433690426,4444.0,https://dmoj.ca/problem/dpm
dpn,AtCoder_DP,solutions/AtCoder_DP/dpn.cpp,5468550,2023-04-12T01:07:52+00:00,CPP14,AC,0.692415954,4732.0,https://dmoj.ca/problem/dpn
dpo,AtCoder_DP,solutions/AtCoder_DP/dpo.cpp,6069444,2024-01-12T03:24:40+00:00,CPP14,AC,1.846575709,11364.0,https://dmoj.ca/problem/dpo
dpp,AtCoder_DP,solutions/AtCoder_DP/dpp.cpp,6078972,2024-01-15T23:50:42+00:00,CPP14,AC,0.570104944,18516.0,https://dmoj.ca/problem/dpp
ds1,Other,solutions/Other/ds1.cpp,5432555,2023-03-25T15:13:15+00:00,CPP14,AC,0.644206497,5780.0,https://dmoj.ca/problem/ds1
ds2,Other,solutions/Other/ds2.cpp,5214110,2023-01-14T02:53:43+00:00,CPP14,AC,0.796432594,4252.0,https://dmoj.ca/problem/ds2
dwite06c5p5,DWITE,solutions/DWITE/dwite06c5p5.c,5069345,2022-11-27T02:15:32+00:00,C,AC,0.023531595,5456.0,https://dmoj.ca/problem/dwite06c5p5
dwite08c3p4,DWITE,solutions/DWITE/dwite08c3p4.cpp,5405595,2023-03-12T16:19:09+00:00,CPP14,AC,0.003436997,3460.0,https://dmoj.ca/problem/dwite08c3p4
dwite09c1p5,DWITE,solutions/DWITE/dwite09c1p5.java,4939869,2022-10-15T15:03:48+00:00,JAVA,AC,0.103458438,64984.0,https://dmoj.ca/problem/dwite09c1p5
dwite09c3p5,DWITE,solutions/DWITE/dwite09c3p5.cpp,6165055,2024-02-09T01:33:26+00:00,CPP14,AC,0.003480165,3468.0,https://dmoj.ca/problem/dwite09c3p5
dwite09c6p4,DWITE,solutions/DWITE/dwite09c6p4.cpp,6045263,2024-01-02T19:18:15+00:00,CPP14,AC,0.003393758,3444.0,https://dmoj.ca/problem/dwite09c6p4
dwite09c7p2,DWITE,solutions/DWITE/dwite09c7p2.cpp,5390816,2023-03-05T18:20:09+00:00,CPP14,AC,0.004007982,3588.0,https://dmoj.ca/problem/dwite09c7p2
dwite09c7p5,DWITE,solutions/DWITE/dwite09c7p5.cpp,6042608,2024-01-01T15:49:19+00:00,CPP14,AC,0.003554628,3372.0,https://dmoj.ca/problem/dwite09c7p5
dwite10c3p2,DWITE,solutions/DWITE/dwite10c3p2.cpp,5406750,2023-03-13T02:25:49+00:00,CPP14,AC,0.003882799,3480.0,https://dmoj.ca/problem/dwite10c3p2
dwite10c5p5,DWITE,solutions/DWITE/dwite10c5p5.cpp,5394700,2023-03-07T14:22:36+00:00,CPP14,AC,0.003708948,3436.0,https://dmoj.ca/problem/dwite10c5p5
dwite11c4p2,DWITE,solutions/DWITE/dwite11c4p2.java,4781860,2022-08-19T13:49:58+00:00,JAVA8,AC,0.197328407,46120.0,https://dmoj.ca/problem/dwite11c4p2
dwite11c5p3,DWITE,solutions/DWITE/dwite11c5p3.cpp,6040994,2023-12-31T20:17:27+00:00,CPP14,AC,0.003629422,3432.0,https://dmoj.ca/problem/dwite11c5p3
dwite11c5p4,DWITE,solutions/DWITE/dwite11c5p4.cpp,5394733,2023-03-07T14:51:12+00:00,CPP14,AC,0.003778083,3464.0,https://dmoj.ca/problem/dwite11c5p4
ecoo14r1p3,ECOO,solutions/ECOO/ecoo14r1p3.cpp,5390751,2023-03-05T17:41:57+00:00,CPP14,AC,0.011051452,3492.0,https://dmoj.ca/problem/ecoo14r1p3
ecoo15r2p3,ECOO,solutions/ECOO/ecoo15r2p3.c,5464584,2023-04-10T02:30:01+00:00,C,AC,0.005556168,1540.0,https://dmoj.ca/problem/ecoo15r2p3
ecoo17r1p3,ECOO,solutions/ECOO/ecoo17r1p3.cpp,5407232,2023-03-13T14:23:39+00:00,CPP14,AC,1.135633319,3496.0,https://dmoj.ca/problem/ecoo17r1p3
ecoo17r1p4,ECOO,solutions/ECOO/ecoo17r1p4.cpp,5409299,2023-03-14T19:51:45+00:00,CPP14,AC,1.603148257,3608.0,https://dmoj.ca/problem/ecoo17r1p4
ecoo19r1p3,ECOO,solutions/ECOO/ecoo19r1p3.cpp,5431249,2023-03-24T21:01:23+00:00,CPP14,AC,0.006885324,3408.0,https://dmoj.ca/problem/ecoo19r1p3
ecoo19r3p1,ECOO,solutions/ECOO/ecoo19r3p1.cpp,5738261,2023-08-28T16:11:58+00:00,CPP14,AC,6.644055397,49500.0,https://dmoj.ca/problem/ecoo19r3p1
ecoo20p4,ECOO,solutions/ECOO/ecoo20p4.py,6082849,2024-01-17T18:30:45+00:00,PY3,AC,1.242673153,56136.0,https://dmoj.ca/problem/ecoo20p4
ectf20p1,Other,solutions/Other/ectf20p1.cpp,5187327,2023-01-05T12:02:12+00:00,CPP14,AC,0.003456853,3460.0,https://dmoj.ca/problem/ectf20p1
ectf20p11,Other,solutions/Other/ectf20p11.txt,5496519,2023-04-23T02:59:02+00:00,TEXT,AC,0.0037055,1660.0,https://dmoj.ca/problem/ectf20p11
ectf20p12,Other,solutions/Other/ectf20p12.cpp,5493756,2023-04-21T21:43:30+00:00,CPP14,AC,0.00339494,3244.0,https://dmoj.ca/problem/ectf20p12
ectf20p8,Other,solutions/Other/ectf20p8.txt,5495076,2023-04-22T15:37:18+00:00,TEXT,AC,0.003887322,1704.0,https://dmoj.ca/problem/ectf20p8
examprep,Other,solutions/Other/examprep.cpp,5414635,2023-03-17T17:29:09+00:00,CPP14,AC,28.302095211,19064.0,https://dmoj.ca/problem/examprep
factorial,Other,solutions/Other/factorial.cpp,4817469,2022-09-05T21:05:47+00:00,CPP14,AC,0.008310581,3524.0,https://dmoj.ca/problem/factorial
factorialcalculator,Other,solutions/Other/factorialcalculator.cpp,5552268,2023-05-20T23:39:04+00:00,CPP14,AC,0.30408523,3912.0,https://dmoj.ca/problem/factorialcalculator
fhc15c1p1,Other,solutions/Other/fhc15c1p1.cpp,4859841,2022-09-21T11:16:10+00:00,CPP14,AC,2.851175232,654016.0,https://dmoj.ca/problem/fhc15c1p1
fibonacci,Other,solutions/Other/fibonacci.c,4847756,2022-09-17T13:22:11+00:00,C,AC,0.027030023,1492.0,https://dmoj.ca/problem/fibonacci
firebend,Other,solutions/Other/firebend.cpp,5090192,2022-12-04T18:50:37+00:00,CPP14,AC,0.060040312,3448.0,https://dmoj.ca/problem/firebend
fts,Other,solutions/Other/fts.cpp,6041380,2023-12-31T22:34:47+00:00,CPP14,AC,0.392024256,8404.0,https://dmoj.ca/problem/fts
gcj21qra,Other,solutions/Other/gcj21qra.cpp,5454672,2023-04-05T13:19:06+00:00,CPP14,AC,0.008174838,3480.0,https://dmoj.ca/problem/gcj21qra
geometry1,Other,solutions/Other/geometry1.cpp,6055385,2024-01-06T16:07:47+00:00,CPP14,AC,0.013942118,3744.0,https://dmoj.ca/problem/geometry1
gfsscc21p1,Other,solutions/Other/gfsscc21p1.cpp,5096651,2022-12-07T02:57:33+00:00,CPP14,AC,0.068128923,3472.0,https://dmoj.ca/problem/gfsscc21p1
gfssoc17j2,Other,solutions/Other/gfssoc17j2.cpp,5404637,2023-03-11T23:25:09+00:00,CPP14,AC,0.037320542,3560.0,https://dmoj.ca/problem/gfssoc17j2
gfssoc2j3,Other,solutions/Other/gfssoc2j3.cpp,5431352,2023-03-24T22:26:35+00:00,CPP14,AC,0.032964961,3432.0,https://dmoj.ca/problem/gfssoc2j3
gfssoc2s4,Other,solutions/Other/gfssoc2s4.cpp,5453176,2023-04-04T11:43:10+00:00,CPP20,AC,1.874966539,66348.0,https://dmoj.ca/problem/gfssoc2s4
gfssoc3s3,Other,solutions/Other/gfssoc3s3.cpp,5418608,2023-03-19T18:09:58+00:00,CPP14,AC,0.033819908,3820.0,https://dmoj.ca/problem/gfssoc3s3
globexcup18j2,Other,solutions/Other/globexcup18j2.cpp,6437674,2024-06-11T16:19:27+00:00,CPP14,AC,0.27463411,4664.0,https://dmoj.ca/problem/globexcup18j2
globexcup18j4,Other,solutions/Other/globexcup18j4.cpp,5722585,2023-08-20T14:08:07+00:00,CPP14,AC,0.281843815,3460.0,https://dmoj.ca/problem/globexcup18j4
globexcup18s0,Other,solutions/Other/globexcup18s0.cpp,5456529,2023-04-06T13:09:24+00:00,CPP14,AC,0.454831433,4204.0,https://dmoj.ca/problem/globexcup18s0
globexcup18s1,Other,solutions/Other/globexcup18s1.cpp,6041401,2023-12-31T22:47:20+00:00,CPP14,AC,0.771024378,7264.0,https://dmoj.ca/problem/globexcup18s1
goodset,Other,solutions/Other/goodset.cpp,5446250,2023-04-01T15:39:10+00:00,CPP14,AC,0.141387914,11316.0,https://dmoj.ca/problem/goodset
graph2p2,Other,solutions/Other/graph2p2.java,4960175,2022-10-22T14:36:24+00:00,JAVA8,AC,1.1017827900000001,55216.0,https://dmoj.ca/problem/graph2p2
graph3p1,Other,solutions/Other/graph3p1.java,4920471,2022-10-09T12:27:53+00:00,JAVA8,AC,1.048999431,57552.0,https://dmoj.ca/problem/graph3p1
hailstone,Other,solutions/Other/hailstone.cpp,5312698,2023-02-11T04:52:57+00:00,CPP14,AC,0.183204357,3468.0,https://dmoj.ca/problem/hailstone
hardquestion,Other,solutions/Other/hardquestion.cpp,6437652,2024-06-11T16:03:51+00:00,CPP14,AC,0.017178729,3952.0,https://dmoj.ca/problem/hardquestion
hci16helloworldex,Other,solutions/Other/hci16helloworldex.cpp,5386330,2023-03-03T13:18:58+00:00,CPP14,AC,0.002758835,1256.0,https://dmoj.ca/problem/hci16helloworldex
hci16oversleep,Other,solutions/Other/hci16oversleep.java,4899849,2022-10-03T11:32:21+00:00,JAVA,AC,1.238588995,62464.0,https://dmoj.ca/problem/hci16oversleep
hci16xorpow,Other,solutions/Other/hci16xorpow.cpp,5497899,2023-04-23T21:41:51+00:00,CPP14,AC,0.413358805,22756.0,https://dmoj.ca/problem/hci16xorpow
helloworld,Other,solutions/Other/helloworld.cpp,4888925,2022-09-30T16:14:47+00:00,CPP14,AC,0.003449218,3508.0,https://dmoj.ca/problem/helloworld
hhpc1p4,Other,solutions/Other/hhpc1p4.cpp,6150134,2024-02-05T23:35:01+00:00,CPP14,AC,0.383714153,3540.0,https://dmoj.ca/problem/hhpc1p4
hkccc08j1,Other,solutions/Other/hkccc08j1.cpp,5367439,2023-02-23T13:36:58+00:00,CPP14,AC,0.049778583,3480.0,https://dmoj.ca/problem/hkccc08j1
hkccc15j1,Other,solutions/Other/hkccc15j1.cpp,5096686,2022-12-07T03:09:13+00:00,CPP14,AC,0.032916956,3480.0,https://dmoj.ca/problem/hkccc15j1
ics4p1,Other,solutions/Other/ics4p1.cpp,4795732,2022-08-24T22:17:40+00:00,CPP14,AC,0.010134881,3496.0,https://dmoj.ca/problem/ics4p1
inaho5,Other,solutions/Other/inaho5.cpp,5722123,2023-08-20T02:58:56+00:00,CPP14,AC,0.102526404,3668.0,https://dmoj.ca/problem/inaho5
inaho6,Other,solutions/Other/inaho6.cpp,5494242,2023-04-22T01:34:53+00:00,CPP14,AC,0.132296411,3960.0,https://dmoj.ca/problem/inaho6
infinity,Other,solutions/Other/infinity.cpp,6055400,2024-01-06T16:14:36+00:00,CPP14,AC,0.013726503,3652.0,https://dmoj.ca/problem/infinity
ioi00p1,IOI,solutions/IOI/ioi00p1.cpp,5465244,2023-04-10T14:41:41+00:00,CPP14,AC,0.143650195,3460.0,https://dmoj.ca/problem/ioi00p1
ioi04p6,IOI,solutions/IOI/ioi04p6.cpp,4810622,2022-09-02T02:52:24+00:00,CPP14,AC,0.978581333,7480.0,https://dmoj.ca/problem/ioi04p6
ioi05p3,IOI,solutions/IOI/ioi05p3.cpp,5535316,2023-05-11T18:17:50+00:00,CPP14,AC,2.678442296,3452.0,https://dmoj.ca/problem/ioi05p3
ioi06p1,IOI,solutions/IOI/ioi06p1.cpp,5540964,2023-05-14T17:41:03+00:00,CPP14,AC,0.255407921,6840.0,https://dmoj.ca/problem/ioi06p1
ioi09p5,IOI,solutions/IOI/ioi09p5.cpp,5544311,2023-05-16T21:19:06+00:00,CPP14,AC,0.07266281,3428.0,https://dmoj.ca/problem/ioi09p5
ioi11p3,IOI,solutions/IOI/ioi11p3.cpp,6170200,2024-02-10T16:10:35+00:00,CPP14,AC,0.461852475,6416.0,https://dmoj.ca/problem/ioi11p3
ioi11p3io,IOI,solutions/IOI/ioi11p3io.cpp,6170210,2024-02-10T16:17:27+00:00,CPP14,AC,0.398378842,4356.0,https://dmoj.ca/problem/ioi11p3io
ioi14p3,IOI,solutions/IOI/ioi14p3.cpp,5570026,2023-06-02T01:51:46+00:00,CPP14,AC,1.623923303,10188.0,https://dmoj.ca/problem/ioi14p3
ioi14pp1,IOI,solutions/IOI/ioi14pp1.cpp,5425405,2023-03-22T02:07:02+00:00,CPP14,AC,0.524087915,11276.0,https://dmoj.ca/problem/ioi14pp1
ioi14pp2,IOI,solutions/IOI/ioi14pp2.cpp,5536478,2023-05-11T23:54:50+00:00,CPP14,AC,0.342254499,5328.0,https://dmoj.ca/problem/ioi14pp2
ioi16p1,IOI,solutions/IOI/ioi16p1.cpp,6169909,2024-02-10T14:40:45+00:00,CPP14,AC,2.120105836,7232.0,https://dmoj.ca/problem/ioi16p1
ioi16p1io,IOI,solutions/IOI/ioi16p1io.cpp,6169944,2024-02-10T14:56:12+00:00,CPP14,AC,0.961900554,9180.0,https://dmoj.ca/problem/ioi16p1io
ioi94p1,IOI,solutions/IOI/ioi94p1.cpp,5423279,2023-03-21T01:38:53+00:00,CPP14,AC,0.021406684,3444.0,https://dmoj.ca/problem/ioi94p1
ioi96p1,IOI,solutions/IOI/ioi96p1.cpp,5407293,2023-03-13T15:12:11+00:00,CPP14,AC,0.054131913,3544.0,https://dmoj.ca/problem/ioi96p1
joshua,Other,solutions/Other/joshua.py,5471339,2023-04-13T13:06:49+00:00,PYPY3,AC,0.54540742,56840.0,https://dmoj.ca/problem/joshua
knapsack,Other,solutions/Other/knapsack.cpp,5429511,2023-03-23T21:57:13+00:00,CPP14,AC,0.292068155,3436.0,https://dmoj.ca/problem/knapsack
largeperm,Other,solutions/Other/largeperm.cpp,5480522,2023-04-18T00:01:58+00:00,CPP14,AC,0.064447186,4036.0,https://dmoj.ca/problem/largeperm
lcs,Other,solutions/Other/lcs.cpp,5030247,2022-11-13T19:19:02+00:00,CPP14,AC,0.22326754,7328.0,https://dmoj.ca/problem/lcs
lgc1p1,Other,solutions/Other/lgc1p1.c,5058410,2022-11-23T13:18:03+00:00,C,AC,0.069006868,1484.0,https://dmoj.ca/problem/lgc1p1
lgc1p2,Other,solutions/Other/lgc1p2.py,5045723,2022-11-19T15:35:39+00:00,PY3,AC,0.482816661,9080.0,https://dmoj.ca/problem/lgc1p2
lgc1p3,Other,solutions/Other/lgc1p3.py,5384987,2023-03-02T18:46:44+00:00,PY3,AC,0.535020366,10344.0,https://dmoj.ca/problem/lgc1p3
lgc1p5,Other,solutions/Other/lgc1p5.cpp,5049017,2022-11-20T03:59:46+00:00,CPP14,AC,0.003309839,3384.0,https://dmoj.ca/problem/lgc1p5
lgc1p7,Other,solutions/Other/lgc1p7.py,5385586,2023-03-03T01:34:47+00:00,PY3,AC,0.60177379,10504.0,https://dmoj.ca/problem/lgc1p7
lis,Other,solutions/Other/lis.cpp,4859489,2022-09-21T03:20:41+00:00,CPP14,AC,0.487399315,11088.0,https://dmoj.ca/problem/lis
lkp18c1p2,Other,solutions/Other/lkp18c1p2.cpp,5433656,2023-03-26T00:38:53+00:00,CPP14,AC,0.284981761,1636.0,https://dmoj.ca/problem/lkp18c1p2
loveeve,Other,solutions/Other/loveeve.cpp,5729705,2023-08-24T02:05:21+00:00,CPP14,AC,0.85765967,11436.0,https://dmoj.ca/problem/loveeve
macs1p1,Other,solutions/Other/macs1p1.cpp,5395321,2023-03-07T19:19:48+00:00,CPP14,AC,0.189826276,3572.0,https://dmoj.ca/problem/macs1p1
macs1p2,Other,solutions/Other/macs1p2.java,5240350,2023-01-22T19:36:50+00:00,JAVA,AC,4.139999231,55496.0,https://dmoj.ca/problem/macs1p2
magicseq,Other,solutions/Other/magicseq.c,4848080,2022-09-17T16:26:15+00:00,C,AC,0.062525236,1492.0,https://dmoj.ca/problem/magicseq
mathp2,Other,solutions/Other/mathp2.cpp,4867570,2022-09-23T19:34:13+00:00,CPP14,AC,0.195960237,11340.0,https://dmoj.ca/problem/mathp2
mathp3,Other,solutions/Other/mathp3.cpp,5503806,2023-04-27T12:31:46+00:00,CPP14,AC,0.399076483,26832.0,https://dmoj.ca/problem/mathp3
mathp5,Other,solutions/Other/mathp5.cpp,5528847,2023-05-07T16:08:00+00:00,CPP14,AC,0.134948079,10012.0,https://dmoj.ca/problem/mathp5
mathp7,Other,solutions/Other/mathp7.cpp,4967477,2022-10-24T20:29:55+00:00,CPP14,AC,0.03674708,3380.0,https://dmoj.ca/problem/mathp7
mccc1j1,Other,solutions/Other/mccc1j1.cpp,5312727,2023-02-11T05:00:55+00:00,CPP14,AC,1.108255051,3468.0,https://dmoj.ca/problem/mccc1j1
mccc1s1,Other,solutions/Other/mccc1s1.cpp,5039994,2022-11-18T00:09:55+00:00,CPP14,AC,0.085637243,3348.0,https://dmoj.ca/problem/mccc1s1
mccc2s1,Other,solutions/Other/mccc2s1.cpp,5090349,2022-12-04T20:21:05+00:00,CPP14,AC,0.053699216,3612.0,https://dmoj.ca/problem/mccc2s1
mccc2s2,Other,solutions/Other/mccc2s2.cpp,5474496,2023-04-15T00:17:54+00:00,CPP14,AC,0.121766182,3988.0,https://dmoj.ca/problem/mccc2s2
mccc2s4,Other,solutions/Other/mccc2s4.cpp,5474525,2023-04-15T00:52:58+00:00,CPP14,AC,3.95643371,4272.0,https://dmoj.ca/problem/mccc2s4
mccc3j1,Other,solutions/Other/mccc3j1.cpp,5214955,2023-01-14T14:56:43+00:00,CPP14,AC,0.045690604,3432.0,https://dmoj.ca/problem/mccc3j1
mccc4j1,Other,solutions/Other/mccc4j1.cpp,5229388,2023-01-19T03:14:44+00:00,CPP14,AC,0.037856851,3456.0,https://dmoj.ca/problem/mccc4j1
mccc5j1,Other,solutions/Other/mccc5j1.cpp,5327071,2023-02-13T17:43:49+00:00,CPP14,AC,0.043335609,3476.0,https://dmoj.ca/problem/mccc5j1
mccc5j2,Other,solutions/Other/mccc5j2.cpp,5327098,2023-02-13T17:50:55+00:00,CPP14,AC,0.392643372,3480.0,https://dmoj.ca/problem/mccc5j2
mccc5j4,Other,solutions/Other/mccc5j4.cpp,5326583,2023-02-13T15:44:18+00:00,CPP14,AC,0.143813394,3612.0,https://dmoj.ca/problem/mccc5j4
mcco17d1p1,Other,solutions/Other/mcco17d1p1.cpp,5480675,2023-04-18T01:09:44+00:00,CPP14,AC,0.868714031,5108.0,https://dmoj.ca/problem/mcco17d1p1
mci1p2,Other,solutions/Other/mci1p2.c,4963906,2022-10-23T17:25:23+00:00,C,AC,0.053745456,1412.0,https://dmoj.ca/problem/mci1p2
mec16p3,Other,solutions/Other/mec16p3.cpp,5400928,2023-03-10T00:27:01+00:00,CPP20,AC,0.036987425,3508.0,https://dmoj.ca/problem/mec16p3
miraclesort,Other,solutions/Other/miraclesort.cpp,6047426,2024-01-03T17:33:01+00:00,CPP14,AC,1.175815831,3456.0,https://dmoj.ca/problem/miraclesort
mmm14a,Other,solutions/Other/mmm14a.c,4940734,2022-10-15T19:48:44+00:00,C,AC,0.109390722,5472.0,https://dmoj.ca/problem/mmm14a
modinv,Other,solutions/Other/modinv.cpp,5564113,2023-05-28T20:37:45+00:00,CPP14,AC,0.176377507,3516.0,https://dmoj.ca/problem/modinv
mwc15c3p3,Other,solutions/Other/mwc15c3p3.cpp,5410810,2023-03-15T14:17:51+00:00,CPP14,AC,0.036361714,3480.0,https://dmoj.ca/problem/mwc15c3p3
nccc11s1,Other,solutions/Other/nccc11s1.py,5219220,2023-01-15T21:45:05+00:00,PYPY3,AC,1.097259771,64484.0,https://dmoj.ca/problem/nccc11s1
nccc11s2,Other,solutions/Other/nccc11s2.cpp,5221543,2023-01-16T19:56:27+00:00,CPP14,AC,0.170114461,3420.0,https://dmoj.ca/problem/nccc11s2
nccc1j4s2,Other,solutions/Other/nccc1j4s2.cpp,5214140,2023-01-14T03:01:05+00:00,CPP14,AC,0.055073067,3484.0,https://dmoj.ca/problem/nccc1j4s2
nccc1j5s3,Other,solutions/Other/nccc1j5s3.cpp,5474564,2023-04-15T01:31:10+00:00,CPP14,AC,0.049226296,3440.0,https://dmoj.ca/problem/nccc1j5s3
nccc2j3s1,Other,solutions/Other/nccc2j3s1.cpp,4828010,2022-09-10T22:38:08+00:00,CPP14,AC,0.147793952,3524.0,https://dmoj.ca/problem/nccc2j3s1
nccc2j4s2,Other,solutions/Other/nccc2j4s2.cpp,6171892,2024-02-10T22:55:10+00:00,CPP14,AC,0.140887206,3504.0,https://dmoj.ca/problem/nccc2j4s2
nccc3j3s1,Other,solutions/Other/nccc3j3s1.cpp,5222316,2023-01-17T00:43:54+00:00,CPP14,AC,3.123671447,3428.0,https://dmoj.ca/problem/nccc3j3s1
nccc3j4s2,Other,solutions/Other/nccc3j4s2.cpp,5036359,2022-11-16T02:38:38+00:00,CPP14,AC,1.313921864,3468.0,https://dmoj.ca/problem/nccc3j4s2
nccc6j1,Other,solutions/Other/nccc6j1.cpp,5036398,2022-11-16T02:55:35+00:00,CPP14,AC,1.008936684,3400.0,https://dmoj.ca/problem/nccc6j1
nccc6j5,Other,solutions/Other/nccc6j5.cpp,6171946,2024-02-10T23:06:26+00:00,CPP14,AC,0.495076284,10860.0,https://dmoj.ca/problem/nccc6j5
nccc6s4,Other,solutions/Other/nccc6s4.cpp,5473235,2023-04-14T11:29:40+00:00,CPP14,AC,87.1453569240001,120648.0,https://dmoj.ca/problem/nccc6s4
nccc7j1,Other,solutions/Other/nccc7j1.cpp,6165143,2024-02-09T01:45:05+00:00,CPP14,AC,0.126451873,3460.0,https://dmoj.ca/problem/nccc7j1
nccc7s1,Other,solutions/Other/nccc7s1.cpp,6038218,2023-12-30T17:14:23+00:00,CPP14,AC,0.674879139,3700.0,https://dmoj.ca/problem/nccc7s1
nccc7s3,Other,solutions/Other/nccc7s3.cpp,5494423,2023-04-22T02:48:47+00:00,CPP14,AC,68.845175354,3744.0,https://dmoj.ca/problem/nccc7s3
nccc8s1,Other,solutions/Other/nccc8s1.cpp,6038170,2023-12-30T16:54:09+00:00,CPP14,AC,0.073100246,4340.0,https://dmoj.ca/problem/nccc8s1
nccc8s2,Other,solutions/Other/nccc8s2.cpp,6038182,2023-12-30T17:01:35+00:00,CPP14,AC,0.030970845,3488.0,https://dmoj.ca/problem/nccc8s2
nccc9s3,Other,solutions/Other/nccc9s3.cpp,5373400,2023-02-25T21:16:27+00:00,CPP14,AC,1.283230893,3552.0,https://dmoj.ca/problem/nccc9s3
ncco4d1p1,Other,solutions/Other/ncco4d1p1.cpp,5480752,2023-04-18T01:44:23+00:00,CPP14,AC,0.036339886,3512.0,https://dmoj.ca/problem/ncco4d1p1
odd,Other,solutions/Other/odd.c,4830547,2022-09-11T18:56:16+00:00,C,AC,13.511276393,1468.0,https://dmoj.ca/problem/odd
oly18novp1,Olympiads_School,solutions/Olympiads_School/oly18novp1.java,5578045,2023-06-08T17:04:20+00:00,JAVA8,AC,4.053173978,80056.0,https://dmoj.ca/problem/oly18novp1
oly18novp7,Olympiads_School,solutions/Olympiads_School/oly18novp7.java,4868116,2022-09-23T22:58:38+00:00,JAVA,AC,1.338000864,60456.0,https://dmoj.ca/problem/oly18novp7
oly19practice46,Olympiads_School,solutions/Olympiads_School/oly19practice46.java,6219741,2024-02-19T21:15:19+00:00,JAVA,AC,2.956264105,80616.0,https://dmoj.ca/problem/oly19practice46
oly20practice105,Olympiads_School,solutions/Olympiads_School/oly20practice105.cpp,5229325,2023-01-19T02:54:31+00:00,CPP14,AC,0.069369262,3512.0,https://dmoj.ca/problem/oly20practice105
oly20practice25,Olympiads_School,solutions/Olympiads_School/oly20practice25.java,5419798,2023-03-20T01:00:53+00:00,JAVA,AC,1.295955025,46940.0,https://dmoj.ca/problem/oly20practice25
oly20practice30,Olympiads_School,solutions/Olympiads_School/oly20practice30.cpp,4811994,2022-09-03T01:15:25+00:00,CPP14,AC,0.054589631,3600.0,https://dmoj.ca/problem/oly20practice30
oly20practice78,Olympiads_School,solutions/Olympiads_School/oly20practice78.java,5403003,2023-03-11T04:18:23+00:00,JAVA,AC,1.050054332,63136.0,https://dmoj.ca/problem/oly20practice78
oly21practice58,Olympiads_School,solutions/Olympiads_School/oly21practice58.cpp,5011552,2022-11-07T03:29:06+00:00,CPP14,AC,0.779184734,5156.0,https://dmoj.ca/problem/oly21practice58
oly22practice62,Olympiads_School,solutions/Olympiads_School/oly22practice62.cpp,4792570,2022-08-23T14:44:09+00:00,CPP14,AC,0.10991827,3520.0,https://dmoj.ca/problem/oly22practice62
oly22practice63,Olympiads_School,solutions/Olympiads_School/oly22practice63.cpp,4792506,2022-08-23T14:06:58+00:00,CPP14,AC,0.081296653,3420.0,https://dmoj.ca/problem/oly22practice63
oly22practice64,Olympiads_School,solutions/Olympiads_School/oly22practice64.cpp,4792593,2022-08-23T14:55:33+00:00,CPP14,AC,0.057627396,3640.0,https://dmoj.ca/problem/oly22practice64
oly22practice68,Olympiads_School,solutions/Olympiads_School/oly22practice68.cpp,4787990,2022-08-21T16:41:15+00:00,CPP14,AC,0.19671373,3424.0,https://dmoj.ca/problem/oly22practice68
oly22practice70,Olympiads_School,solutions/Olympiads_School/oly22practice70.cpp,4792521,2022-08-23T14:20:49+00:00,CPP14,AC,0.103747045,5020.0,https://dmoj.ca/problem/oly22practice70
oly22practice72,Olympiads_School,solutions/Olympiads_School/oly22practice72.cpp,5175908,2023-01-01T23:42:54+00:00,CPP14,AC,0.067891152,3436.0,https://dmoj.ca/problem/oly22practice72
oly22practice73,Olympiads_School,solutions/Olympiads_School/oly22practice73.cpp,5175934,2023-01-01T23:49:30+00:00,CPP14,AC,0.0654185,3440.0,https://dmoj.ca/problem/oly22practice73
olyabc125p3,Olympiads_School,solutions/Olympiads_School/olyabc125p3.java,5479960,2023-04-17T20:54:02+00:00,JAVA,AC,4.797458942,51444.0,https://dmoj.ca/problem/olyabc125p3
olyq1p2,Olympiads_School,solutions/Olympiads_School/olyq1p2.java,4940624,2022-10-15T19:14:48+00:00,JAVA,AC,2.209844545,102788.0,https://dmoj.ca/problem/olyq1p2
orzbruce1,Other,solutions/Other/orzbruce1.cpp,5229378,2023-01-19T03:11:11+00:00,CPP14,AC,0.068527155,3708.0,https://dmoj.ca/problem/orzbruce1
p124ex3,Other,solutions/Other/p124ex3.cpp,4943101,2022-10-16T19:05:06+00:00,CPP14,AC,0.010576763,3604.0,https://dmoj.ca/problem/p124ex3
p154ex8,Other,solutions/Other/p154ex8.cpp,5229393,2023-01-19T03:16:41+00:00,CPP14,AC,0.011032197,3520.0,https://dmoj.ca/problem/p154ex8
p156ex13,Other,solutions/Other/p156ex13.cpp,5109597,2022-12-10T23:17:32+00:00,CPP14,AC,0.012079252,3700.0,https://dmoj.ca/problem/p156ex13
p183ex7,Other,solutions/Other/p183ex7.cpp,5404012,2023-03-11T18:05:37+00:00,CPP14,AC,0.00372333,3600.0,https://dmoj.ca/problem/p183ex7
p287ex3,Other,solutions/Other/p287ex3.cpp,5364332,2023-02-22T04:11:19+00:00,CPP14,AC,0.056505428999999996,4052.0,https://dmoj.ca/problem/p287ex3
p299ex3,Other,solutions/Other/p299ex3.cpp,5303556,2023-02-09T03:04:00+00:00,CPP14,AC,0.003581105,3432.0,https://dmoj.ca/problem/p299ex3
p299ex4,Other,solutions/Other/p299ex4.cpp,5390826,2023-03-05T18:25:25+00:00,CPP14,AC,0.012732234,3588.0,https://dmoj.ca/problem/p299ex4
pacnw16a,Other,solutions/Other/pacnw16a.cpp,5459776,2023-04-08T01:20:33+00:00,CPP14,AC,0.333184983,3504.0,https://dmoj.ca/problem/pacnw16a
phantom2,Other,solutions/Other/phantom2.cpp,5497703,2023-04-23T19:19:08+00:00,CPP14,AC,0.266106495,4424.0,https://dmoj.ca/problem/phantom2
phantom3,Other,solutions/Other/phantom3.cpp,6055467,2024-01-06T16:58:19+00:00,CPP14,AC,1.589611875,15620.0,https://dmoj.ca/problem/phantom3
pickit,Other,solutions/Other/pickit.cpp,5496445,2023-04-23T02:03:13+00:00,CPP14,AC,0.473491523,3636.0,https://dmoj.ca/problem/pickit
pie,Other,solutions/Other/pie.cpp,4792490,2022-08-23T14:00:47+00:00,CPP14,AC,0.032004097,3616.0,https://dmoj.ca/problem/pie
piggy,Other,solutions/Other/piggy.cpp,5495384,2023-04-22T18:52:53+00:00,CPP14,AC,0.003446052,3284.0,https://dmoj.ca/problem/piggy
ppwindsor18p7,Other,solutions/Other/ppwindsor18p7.cpp,5414590,2023-03-17T17:14:12+00:00,CPP14,AC,0.026338335,3396.0,https://dmoj.ca/problem/ppwindsor18p7
primes1,Other,solutions/Other/primes1.cpp,4781266,2022-08-19T04:25:09+00:00,CPP14,AC,0.020344683,3468.0,https://dmoj.ca/problem/primes1
primes2,Other,solutions/Other/primes2.cpp,4846967,2022-09-17T01:40:53+00:00,CPP14,AC,0.200951994,4312.0,https://dmoj.ca/problem/primes2
pwindsor18p1,Other,solutions/Other/pwindsor18p1.cpp,5330583,2023-02-14T02:51:44+00:00,CPP14,AC,0.028358741,3476.0,https://dmoj.ca/problem/pwindsor18p1
python1,Other,solutions/Other/python1.py,4861970,2022-09-22T00:09:49+00:00,PY2,AC,0.055202844,6260.0,https://dmoj.ca/problem/python1
quine,Other,solutions/Other/quine.cs,4812718,2022-09-03T13:59:36+00:00,MONOCS,AC,0.020374665,22892.0,https://dmoj.ca/problem/quine
rectangle,Other,solutions/Other/rectangle.java,5096537,2022-12-07T02:33:19+00:00,JAVA,AC,10.580870095,144128.0,https://dmoj.ca/problem/rectangle
sac22cc4jp3,Other,solutions/Other/sac22cc4jp3.cpp,5466992,2023-04-11T03:03:02+00:00,CPP14,AC,0.481867105,3968.0,https://dmoj.ca/problem/sac22cc4jp3
sac22cc4jp4,Other,solutions/Other/sac22cc4jp4.cpp,5465656,2023-04-10T17:43:44+00:00,CPP14,AC,0.233982336,4568.0,https://dmoj.ca/problem/sac22cc4jp4
sac22cc4p1,Other,solutions/Other/sac22cc4p1.c,6095159,2024-01-21T16:05:46+00:00,C,AC,1.382666797,1604.0,https://dmoj.ca/problem/sac22cc4p1
sac22cc4p3,Other,solutions/Other/sac22cc4p3.cpp,5468621,2023-04-12T01:37:16+00:00,CPP14,AC,0.504398547,3880.0,https://dmoj.ca/problem/sac22cc4p3
sac22cc4p4,Other,solutions/Other/sac22cc4p4.cpp,5458298,2023-04-07T15:32:30+00:00,CPP14,AC,1.401572585,22864.0,https://dmoj.ca/problem/sac22cc4p4
sac22cc5jp4,Other,solutions/Other/sac22cc5jp4.cpp,5054781,2022-11-22T01:46:07+00:00,CPP14,AC,0.67747404,16332.0,https://dmoj.ca/problem/sac22cc5jp4
sac22cc5p2,Other,solutions/Other/sac22cc5p2.cpp,5373324,2023-02-25T20:48:27+00:00,CLPP14,AC,0.075067913,3220.0,https://dmoj.ca/problem/sac22cc5p2
scp1,Other,solutions/Other/scp1.c,6511224,2024-07-24T18:24:57+00:00,C,AC,0.323608245,2556.0,https://dmoj.ca/problem/scp1
scroll,Other,solutions/Other/scroll.cpp,4914141,2022-10-07T18:26:54+00:00,CPP14,AC,0.003273142,3400.0,https://dmoj.ca/problem/scroll
seed3,Other,solutions/Other/seed3.py,5433130,2023-03-25T20:44:59+00:00,PYPY3,AC,0.483888571,61020.0,https://dmoj.ca/problem/seed3
segtree,Other,solutions/Other/segtree.cpp,6809600,2024-12-14T20:31:06+00:00,CPP14,AC,0.297562836,4500.0,https://dmoj.ca/problem/segtree
seq0,Other,solutions/Other/seq0.cpp,5422419,2023-03-20T19:24:05+00:00,CPP14,AC,0.241160106,11008.0,https://dmoj.ca/problem/seq0
seq3,Other,solutions/Other/seq3.cpp,6053926,2024-01-06T01:07:38+00:00,CPP14,AC,0.017054577,3496.0,https://dmoj.ca/problem/seq3
sgspc1p1,Other,solutions/Other/sgspc1p1.cpp,4925512,2022-10-10T21:11:50+00:00,CPP14,AC,6.798469269,20532.0,https://dmoj.ca/problem/sgspc1p1
shortest1,Other,solutions/Other/shortest1.py,4826124,2022-09-10T14:45:33+00:00,PYPY,AC,3.989837442,58232.0,https://dmoj.ca/problem/shortest1
sleigh,Other,solutions/Other/sleigh.cpp,5009810,2022-11-06T17:52:55+00:00,CPP14,AC,0.177893906,9524.0,https://dmoj.ca/problem/sleigh
spree,Other,solutions/Other/spree.cpp,5315120,2023-02-11T19:27:09+00:00,CPP14,AC,0.03550812,3508.0,https://dmoj.ca/problem/spree
sssp,Other,solutions/Other/sssp.cpp,5240324,2023-01-22T19:29:29+00:00,CPP20,AC,0.214326619,3728.0,https://dmoj.ca/problem/sssp
summaximization,Other,solutions/Other/summaximization.cpp,5721051,2023-08-19T16:55:33+00:00,CPP14,AC,0.624538167,3468.0,https://dmoj.ca/problem/summaximization
tc19summeri,Other,solutions/Other/tc19summeri.cpp,5495856,2023-04-22T21:43:26+00:00,CPP14,AC,0.003307937,3412.0,https://dmoj.ca/problem/tc19summeri
tcc1p1,Other,solutions/Other/tcc1p1.cpp,6205948,2024-02-17T22:38:41+00:00,CPP14,AC,0.698476493,4572.0,https://dmoj.ca/problem/tcc1p1
tcc1p2,Other,solutions/Other/tcc1p2.cpp,6237866,2024-02-21T15:33:33+00:00,CPP14,AC,1.648506094,30544.0,https://dmoj.ca/problem/tcc1p2
thicc17p5,Other,solutions/Other/thicc17p5.cpp,4806479,2022-08-31T01:37:26+00:00,CPP14,AC,0.782084493,7640.0,https://dmoj.ca/problem/thicc17p5
tle16c3p4,Other,solutions/Other/tle16c3p4.cpp,5296370,2023-02-07T15:03:42+00:00,CPP14,AC,0.163642241,3464.0,https://dmoj.ca/problem/tle16c3p4
tle16c4p4,Other,solutions/Other/tle16c4p4.java,5034183,2022-11-15T03:16:05+00:00,JAVA,AC,18.061704746,87244.0,https://dmoj.ca/problem/tle16c4p4
tle17c2p2,Other,solutions/Other/tle17c2p2.cpp,6169792,2024-02-10T14:12:43+00:00,CPP14,AC,1.094506702,5144.0,https://dmoj.ca/problem/tle17c2p2
tle17c2p3,Other,solutions/Other/tle17c2p3.cpp,5535076,2023-05-11T16:03:29+00:00,CPP14,AC,0.247506064,3460.0,https://dmoj.ca/problem/tle17c2p3
tle18p2,Other,solutions/Other/tle18p2.cpp,4915396,2022-10-08T01:13:54+00:00,CPP14,AC,0.357642327,3448.0,https://dmoj.ca/problem/tle18p2
tle18p3,Other,solutions/Other/tle18p3.txt,4920600,2022-10-09T14:00:56+00:00,TEXT,AC,0.004172452,1740.0,https://dmoj.ca/problem/tle18p3
tle18p4,Other,solutions/Other/tle18p4.txt,5498501,2023-04-24T02:47:49+00:00,TEXT,AC,0.09419474,1744.0,https://dmoj.ca/problem/tle18p4
toosimple,Other,solutions/Other/toosimple.cpp,4787375,2022-08-21T14:24:55+00:00,CPP14,AC,0.003380728,3396.0,https://dmoj.ca/problem/toosimple
toosimple2,Other,solutions/Other/toosimple2.c,5543626,2023-05-16T11:33:03+00:00,CLANG,AC,0.002765395,1672.0,https://dmoj.ca/problem/toosimple2
totaldestruction,Other,solutions/Other/totaldestruction.cpp,6042666,2024-01-01T16:21:37+00:00,CPP14,AC,0.162189016,7780.0,https://dmoj.ca/problem/totaldestruction
towers,Other,solutions/Other/towers.cpp,4967974,2022-10-24T23:50:28+00:00,CPP14,AC,0.285230698,11196.0,https://dmoj.ca/problem/towers
tree1,Other,solutions/Other/tree1.java,4841196,2022-09-15T01:53:58+00:00,JAVA,AC,2.921793894,56236.0,https://dmoj.ca/problem/tree1
treepractice1,Other,solutions/Other/treepractice1.java,5030086,2022-11-13T18:17:15+00:00,JAVA8,AC,6.69947548,140024.0,https://dmoj.ca/problem/treepractice1
tsoc15c1p5,Other,solutions/Other/tsoc15c1p5.java,4920460,2022-10-09T11:52:53+00:00,JAVA8,AC,0.320788935,40456.0,https://dmoj.ca/problem/tsoc15c1p5
tsoc16c1p1,Other,solutions/Other/tsoc16c1p1.cpp,5312649,2023-02-11T04:42:15+00:00,CPP14,AC,0.003672573,3472.0,https://dmoj.ca/problem/tsoc16c1p1
tsoc16c1p4,Other,solutions/Other/tsoc16c1p4.java,4920456,2022-10-09T11:42:39+00:00,JAVA8,AC,0.342364263,40416.0,https://dmoj.ca/problem/tsoc16c1p4
tsoc16c1p6,Other,solutions/Other/tsoc16c1p6.cpp,5445205,2023-03-31T23:46:25+00:00,CPP14,AC,0.06704341,7312.0,https://dmoj.ca/problem/tsoc16c1p6
uacc1p1,Other,solutions/Other/uacc1p1.cpp,6064693,2024-01-10T02:38:30+00:00,CPP14,AC,0.065231353,3532.0,https://dmoj.ca/problem/uacc1p1
ucc20p4,Other,solutions/Other/ucc20p4.cpp,5403548,2023-03-11T14:24:47+00:00,CPP14,AC,0.236643404,11440.0,https://dmoj.ca/problem/ucc20p4
usaco19febb3,USACO,solutions/USACO/usaco19febb3.java,5116727,2022-12-13T02:18:03+00:00,JAVA,AC,1.093634875,64136.0,https://dmoj.ca/problem/usaco19febb3
usaco20febb3,USACO,solutions/USACO/usaco20febb3.java,5023069,2022-11-11T15:18:15+00:00,JAVA,AC,1.345275021,75120.0,https://dmoj.ca/problem/usaco20febb3
usaco20janb1,USACO,solutions/USACO/usaco20janb1.java,5113870,2022-12-12T03:08:50+00:00,JAVA,AC,0.997021622,61036.0,https://dmoj.ca/problem/usaco20janb1
usaco20marb1,USACO,solutions/USACO/usaco20marb1.java,5114109,2022-12-12T05:43:34+00:00,JAVA,AC,1.55088512,63068.0,https://dmoj.ca/problem/usaco20marb1
usaco21febb1,USACO,solutions/USACO/usaco21febb1.java,5079683,2022-11-30T13:03:18+00:00,JAVA,AC,1.01157641,61212.0,https://dmoj.ca/problem/usaco21febb1
usaco21febb2,USACO,solutions/USACO/usaco21febb2.java,5093214,2022-12-05T23:32:35+00:00,JAVA,AC,3.103436773,83736.0,https://dmoj.ca/problem/usaco21febb2
usaco21febb3,USACO,solutions/USACO/usaco21febb3.java,5093219,2022-12-05T23:33:04+00:00,JAVA,AC,1.030787543,62996.0,https://dmoj.ca/problem/usaco21febb3
usaco21openb1,USACO,solutions/USACO/usaco21openb1.java,5114204,2022-12-12T07:31:06+00:00,JAVA,AC,2.480522432,73456.0,https://dmoj.ca/problem/usaco21openb1
usaco22decb1,USACO,solutions/USACO/usaco22decb1.java,5209410,2023-01-12T12:31:54+00:00,JAVA,AC,2.365018386,56048.0,https://dmoj.ca/problem/usaco22decb1
usaco22decb2,USACO,solutions/USACO/usaco22decb2.java,5209414,2023-01-12T12:33:53+00:00,JAVA,AC,2.114918226,63980.0,https://dmoj.ca/problem/usaco22decb2
usaco22jans1,USACO,solutions/USACO/usaco22jans1.java,5170144,2022-12-31T04:56:04+00:00,JAVA,AC,1.204253392,61060.0,https://dmoj.ca/problem/usaco22jans1
usaco22openb1,USACO,solutions/USACO/usaco22openb1.java,5467460,2023-04-11T14:05:34+00:00,JAVA,AC,1.977308422,69508.0,https://dmoj.ca/problem/usaco22openb1
usaco22openb2,USACO,solutions/USACO/usaco22openb2.java,5470540,2023-04-13T01:40:33+00:00,JAVA,AC,1.606637096,54220.0,https://dmoj.ca/problem/usaco22openb2
usaco23febb1,USACO,solutions/USACO/usaco23febb1.java,5407154,2023-03-13T13:28:37+00:00,JAVA,AC,2.929256001,73180.0,https://dmoj.ca/problem/usaco23febb1
usaco23janb1,USACO,solutions/USACO/usaco23janb1.java,5315175,2023-02-11T19:32:26+00:00,JAVA,AC,2.671596516,70232.0,https://dmoj.ca/problem/usaco23janb1
usaco23janb2,USACO,solutions/USACO/usaco23janb2.java,5553116,2023-05-21T17:09:49+00:00,JAVA,AC,1.082191892,40868.0,https://dmoj.ca/problem/usaco23janb2
usaco23janb3,USACO,solutions/USACO/usaco23janb3.java,5302211,2023-02-08T23:29:56+00:00,JAVA,AC,1.132066866,52984.0,https://dmoj.ca/problem/usaco23janb3
usaco23openb1,USACO,solutions/USACO/usaco23openb1.java,5515522,2023-04-30T17:22:12+00:00,JAVA,AC,3.04201055,47928.0,https://dmoj.ca/problem/usaco23openb1
usaco23opens1,USACO,solutions/USACO/usaco23opens1.java,5497471,2023-04-23T16:45:39+00:00,JAVA,AC,7.707563008,93656.0,https://dmoj.ca/problem/usaco23opens1
usacotrain521,USACO,solutions/USACO/usacotrain521.java,5341014,2023-02-15T04:52:22+00:00,JAVA,AC,2.006847991,61060.0,https://dmoj.ca/problem/usacotrain521
utso18p2,Other,solutions/Other/utso18p2.cpp,6045168,2024-01-02T18:50:26+00:00,CPP14,AC,0.053634107,3480.0,https://dmoj.ca/problem/utso18p2
valday15p2,Other,solutions/Other/valday15p2.cpp,5360827,2023-02-20T23:16:57+00:00,CPP14,AC,0.01878,3460.0,https://dmoj.ca/problem/valday15p2
valentines18j4s1,Other,solutions/Other/valentines18j4s1.cpp,5416710,2023-03-18T20:06:29+00:00,CPP14,AC,0.106786676,3424.0,https://dmoj.ca/problem/valentines18j4s1
valentines19j3,Other,solutions/Other/valentines19j3.cpp,5403558,2023-03-11T14:46:13+00:00,CPP14,AC,0.334525119,3468.0,https://dmoj.ca/problem/valentines19j3
valentines19s2,Other,solutions/Other/valentines19s2.cpp,5433614,2023-03-26T00:26:55+00:00,CPP14,AC,1.785103876,24148.0,https://dmoj.ca/problem/valentines19s2
vmss15c1p2,Other,solutions/Other/vmss15c1p2.cpp,5012094,2022-11-07T12:15:05+00:00,CPP14,AC,0.04019309,3412.0,https://dmoj.ca/problem/vmss15c1p2
vmss15c1p4,Other,solutions/Other/vmss15c1p4.cpp,5312625,2023-02-11T04:35:30+00:00,CPP14,AC,0.161684184,4572.0,https://dmoj.ca/problem/vmss15c1p4
vmss7wc15c2p3,Other,solutions/Other/vmss7wc15c2p3.cpp,5557829,2023-05-24T20:31:00+00:00,CPP14,AC,0.105204875,3408.0,https://dmoj.ca/problem/vmss7wc15c2p3
vmss7wc16c2p3,Other,solutions/Other/vmss7wc16c2p3.cpp,5434515,2023-03-26T17:32:59+00:00,CPP14,AC,0.974511133,7380.0,https://dmoj.ca/problem/vmss7wc16c2p3
vmss7wc16c3p2,Other,solutions/Other/vmss7wc16c3p2.cpp,4868464,2022-09-24T00:21:19+00:00,CPP14,AC,0.044272981,7396.0,https://dmoj.ca/problem/vmss7wc16c3p2
vmss7wc16c3p3,Other,solutions/Other/vmss7wc16c3p3.cpp,5240342,2023-01-22T19:35:07+00:00,CPP17,AC,0.121649619,3752.0,https://dmoj.ca/problem/vmss7wc16c3p3
vmss7wc16c4p3,Other,solutions/Other/vmss7wc16c4p3.cpp,5429406,2023-03-23T20:38:58+00:00,CPP14,AC,0.036033265,3756.0,https://dmoj.ca/problem/vmss7wc16c4p3
vmss7wc16c5p3,Other,solutions/Other/vmss7wc16c5p3.cpp,5463446,2023-04-09T19:13:33+00:00,CPP14,AC,0.047164013,4080.0,https://dmoj.ca/problem/vmss7wc16c5p3
vmss7wc16c5p4,Other,solutions/Other/vmss7wc16c5p4.java,5376181,2023-02-26T18:14:46+00:00,JAVA,AC,0.496269246,40268.0,https://dmoj.ca/problem/vmss7wc16c5p4
wac6p3,Other,solutions/Other/wac6p3.cpp,5470758,2023-04-13T02:57:12+00:00,CPP14,AC,3.771124793,7120.0,https://dmoj.ca/problem/wac6p3
wac6p4,Other,solutions/Other/wac6p4.cpp,5469707,2023-04-12T19:16:34+00:00,CPP14,AC,0.229323182,3556.0,https://dmoj.ca/problem/wac6p4
waterloo2017wa,Other,solutions/Other/waterloo2017wa.cpp,5563823,2023-05-28T17:19:48+00:00,CPP14,AC,0.071814835,3712.0,https://dmoj.ca/problem/waterloo2017wa
waterloo2017wb,Other,solutions/Other/waterloo2017wb.cpp,5449268,2023-04-02T13:13:28+00:00,CPP14,AC,0.072922313,3460.0,https://dmoj.ca/problem/waterloo2017wb
waterloo2017wc,Other,solutions/Other/waterloo2017wc.cpp,5495111,2023-04-22T15:57:48+00:00,CPP14,AC,0.065975628,3472.0,https://dmoj.ca/problem/waterloo2017wc
wc02p10,Other,solutions/Other/wc02p10.cpp,5456659,2023-04-06T14:43:44+00:00,CPP14,AC,0.006103272,3484.0,https://dmoj.ca/problem/wc02p10
wc15c1s1,Other,solutions/Other/wc15c1s1.cpp,5469720,2023-04-12T19:26:52+00:00,CPP14,AC,0.016983483,3436.0,https://dmoj.ca/problem/wc15c1s1
wc15c2s1,Other,solutions/Other/wc15c2s1.cpp,5952658,2023-11-25T16:24:24+00:00,CPP14,AC,0.004254101,3420.0,https://dmoj.ca/problem/wc15c2s1
wc15fs2,Other,solutions/Other/wc15fs2.cpp,5446122,2023-04-01T14:38:20+00:00,CPP14,AC,1.900378839,15264.0,https://dmoj.ca/problem/wc15fs2
wc16c1j1,Other,solutions/Other/wc16c1j1.cpp,5952675,2023-11-25T16:31:56+00:00,CPP14,AC,0.010390254,3468.0,https://dmoj.ca/problem/wc16c1j1
wc16c1s3,Other,solutions/Other/wc16c1s3.cpp,5089917,2022-12-04T17:11:25+00:00,CPP20,AC,0.134340343,4856.0,https://dmoj.ca/problem/wc16c1s3
wc16c3s1,Other,solutions/Other/wc16c3s1.cpp,5434128,2023-03-26T13:40:23+00:00,CPP14,AC,0.040661515,3432.0,https://dmoj.ca/problem/wc16c3s1
wc16fs3,Other,solutions/Other/wc16fs3.cpp,5469954,2023-04-12T22:32:50+00:00,CPP14,AC,0.10492391,4088.0,https://dmoj.ca/problem/wc16fs3
wc17fs1,Other,solutions/Other/wc17fs1.cpp,5434147,2023-03-26T14:01:06+00:00,CPP14,AC,0.127380246,4316.0,https://dmoj.ca/problem/wc17fs1
wc18c1s2,Other,solutions/Other/wc18c1s2.cpp,5458704,2023-04-07T18:56:08+00:00,CPP14,AC,0.074729507,3444.0,https://dmoj.ca/problem/wc18c1s2
wc18c3j1,Other,solutions/Other/wc18c3j1.cpp,5326090,2023-02-13T12:38:14+00:00,CPP14,AC,0.024705135,3464.0,https://dmoj.ca/problem/wc18c3j1
wc99sp6,Other,solutions/Other/wc99sp6.cpp,5557913,2023-05-24T21:35:23+00:00,CPP14,AC,0.281763768,4032.0,https://dmoj.ca/problem/wc99sp6
wossoly23j1,Other,solutions/Other/wossoly23j1.cpp,6087960,2024-01-19T12:45:59+00:00,CPP14,AC,0.166454657,3420.0,https://dmoj.ca/problem/wossoly23j1
wossoly23j2,Other,solutions/Other/wossoly23j2.cpp,6088468,2024-01-19T16:58:07+00:00,CPP14,AC,0.084820081,3512.0,https://dmoj.ca/problem/wossoly23j2
xor,Other,solutions/Other/xor.cpp,4830793,2022-09-11T20:02:46+00:00,CPP14,AC,0.004348828,3496.0,https://dmoj.ca/problem/xor
xors,Other,solutions/Other/xors.cpp,5482074,2023-04-18T19:09:59+00:00,CPP14,AC,0.384972266,3504.0,https://dmoj.ca/problem/xors
yac2p1,Other,solutions/Other/yac2p1.c,6441088,2024-06-13T23:25:25+00:00,C,AC,0.067920312,1704.0,https://dmoj.ca/problem/yac2p1
yac5p1,Other,solutions/Other/yac5p1.cpp,4964688,2022-10-23T20:56:45+00:00,CPP14,AC,0.33285668,12184.0,https://dmoj.ca/problem/yac5p1
yac6p1,Other,solutions/Other/yac6p1.cpp,5153137,2022-12-25T19:54:01+00:00,CPP14,AC,0.103446884,3468.0,https://dmoj.ca/problem/yac6p1
yac6p2,Other,solutions/Other/yac6p2.java,5158030,2022-12-27T03:41:30+00:00,JAVA,AC,16.165513958,262008.0,https://dmoj.ca/problem/yac6p2
yac7p1,Other,solutions/Other/yac7p1.java,5712853,2023-08-16T04:27:54+00:00,JAVA,AC,5.444949124,108892.0,https://dmoj.ca/problem/yac7p1
yac9p1,Other,solutions/Other/yac9p1.cpp,6900762,2025-01-19T17:31:31+00:00,CPP17,AC,0.34681022400000006,5692.0,https://dmoj.ca/problem/yac9p1
year2018p2,Other,solutions/Other/year2018p2.cpp,5404250,2023-03-11T20:17:02+00:00,CPP14,AC,0.23243909,3480.0,https://dmoj.ca/problem/year2018p2
year2018p3,Other,solutions/Other/year2018p3.cpp,5504368,2023-04-27T19:51:21+00:00,CPP14,AC,0.602054244,4940.0,https://dmoj.ca/problem/year2018p3
year2019p1,Other,solutions/Other/year2019p1.c,6342633,2024-04-14T18:40:49+00:00,C,AC,0.12040298,1824.0,https://dmoj.ca/problem/year2019p1
year2019p2,Other,solutions/Other/year2019p2.cpp,5431912,2023-03-25T02:49:21+00:00,CPP14,AC,2.742319725,15876.0,https://dmoj.ca/problem/year2019p2
